title,track_id,window_id,engine_window_type,engine_window(mm:ss),engine_score,engine_risk,dj_verdict(good/bad),dj_own_window(mm:ss-mm:ss),dj_comment
01 The Edge,f76b70d68c00d978,f76b70d68c00d978_tw1,bridge,1:02-1:18,0.8229,0.2,,,
01 The Edge,f76b70d68c00d978,f76b70d68c00d978_tw2,mix_out,2:44-3:00,0.8115,0.2,,,
01 The Edge,f76b70d68c00d978,f76b70d68c00d978_tw3,bridge,1:32-1:48,0.7476,0.2,,,
03-Daniel_Avery_-_Movement,971da13a2bfa5f02,971da13a2bfa5f02_tw1,bridge,2:47-3:03,0.821,0.2,,,
03-Daniel_Avery_-_Movement,971da13a2bfa5f02,971da13a2bfa5f02_tw2,bridge,3:03-3:19,0.7682,0.2,,,
03-Daniel_Avery_-_Movement,971da13a2bfa5f02,971da13a2bfa5f02_tw3,mix_in,0:29-0:45,0.7603,0.2,,,
05 Smoke (feat. Jamie xx),b6d652efacce9b29,b6d652efacce9b29_tw1,mix_in,0:00-0:09,0.8431,0.2,,,
05 Smoke (feat. Jamie xx),b6d652efacce9b29,b6d652efacce9b29_tw2,bridge,2:15-2:31,0.833,0.2,,,
05 Smoke (feat. Jamie xx),b6d652efacce9b29,b6d652efacce9b29_tw3,mix_out,3:27-3:43,0.8003,0.2,,,
3kelves - Asha Bhosle - Disco Station (onemohit x 3kelves edit),e93bfb1b39c3e9c2,e93bfb1b39c3e9c2_tw1,bridge,2:30-2:46,0.8307,0.2,,,
3kelves - Asha Bhosle - Disco Station (onemohit x 3kelves edit),e93bfb1b39c3e9c2,e93bfb1b39c3e9c2_tw2,mix_out,5:39-5:55,0.7883,0.2,,,
3kelves - Asha Bhosle - Disco Station (onemohit x 3kelves edit),e93bfb1b39c3e9c2,e93bfb1b39c3e9c2_tw3,bridge,2:00-2:16,0.7553,0.2,,,
AIROD - Rave Cycle (Original Mix),a749c305f32f7d51,a749c305f32f7d51_tw1,mix_in,0:22-0:38,0.9081,0.2,,,
AIROD - Rave Cycle (Original Mix),a749c305f32f7d51,a749c305f32f7d51_tw2,bridge,1:51-2:07,0.8859,0.2,,,
AIROD - Rave Cycle (Original Mix),a749c305f32f7d51,a749c305f32f7d51_tw3,mix_out,4:34-4:50,0.8441,0.2,,,
AVG - AY AY (Original Mix),7692c44fb5af946e,7692c44fb5af946e_tw1,bridge,2:29-2:45,0.8526,0.2,,,
AVG - AY AY (Original Mix),7692c44fb5af946e,7692c44fb5af946e_tw2,bridge,1:58-2:14,0.797,0.2,,,
AVG - AY AY (Original Mix),7692c44fb5af946e,7692c44fb5af946e_tw3,bridge,2:56-3:12,0.7669,0.2,,,
Ahadadream - Hydration (Original Mix),392736d37a8a005c,392736d37a8a005c_tw1,mix_in,0:38-0:54,0.8952,0.2,,,
Ahadadream - Hydration (Original Mix),392736d37a8a005c,392736d37a8a005c_tw2,bridge,1:37-1:53,0.8367,0.2,,,
Ahadadream - Hydration (Original Mix),392736d37a8a005c,392736d37a8a005c_tw3,mix_in,0:00-0:10,0.629,0.2,,,
Ahadadream - Peak (Original Mix),35d013fde0ded7f3,35d013fde0ded7f3_tw1,mix_in,0:00-0:10,0.8897,0.2,,,
Ahadadream - Peak (Original Mix),35d013fde0ded7f3,35d013fde0ded7f3_tw2,bridge,1:25-1:41,0.8238,0.2,,,
Ahadadream - Peak (Original Mix),35d013fde0ded7f3,35d013fde0ded7f3_tw3,mix_out,3:58-4:12,0.7876,0.2,,,
Ahoona - Desert Storm (Original Mix),ed357b79a6619228,ed357b79a6619228_tw1,bridge,2:49-3:05,0.8679,0.2,,,
Ahoona - Desert Storm (Original Mix),ed357b79a6619228,ed357b79a6619228_tw2,mix_in,1:29-1:45,0.8663,0.2,,,
Ahoona - Desert Storm (Original Mix),ed357b79a6619228,ed357b79a6619228_tw3,bridge,2:33-2:49,0.8639,0.2,,,
Aleem - Eats Everything - Fries With That- (Unmixed) - 24 Filtri Organi (Main Mix),ce1a8753825f8296,ce1a8753825f8296_tw1,mix_out,6:26-6:42,0.8165,0.2,,,
Aleem - Eats Everything - Fries With That- (Unmixed) - 24 Filtri Organi (Main Mix),ce1a8753825f8296,ce1a8753825f8296_tw2,mix_in,0:29-0:45,0.8052,0.2,,,
Aleem - Eats Everything - Fries With That- (Unmixed) - 24 Filtri Organi (Main Mix),ce1a8753825f8296,ce1a8753825f8296_tw3,mix_in,1:08-1:24,0.7978,0.2,,,
"Anish Kumar - Come On, Let's Get It",0baf390d03731f62,0baf390d03731f62_tw1,mix_in,0:38-0:54,0.8142,0.2,,,
"Anish Kumar - Come On, Let's Get It",0baf390d03731f62,0baf390d03731f62_tw2,bridge,2:06-2:22,0.7649,0.2,,,
"Anish Kumar - Come On, Let's Get It",0baf390d03731f62,0baf390d03731f62_tw3,bridge,1:39-1:55,0.7579,0.2,,,
"Anish Kumar, Hagop Tchaparian - Part II (Original Mix)",1614e51dbcad0e5c,1614e51dbcad0e5c_tw1,bridge,2:56-3:12,0.857,0.2,,,
"Anish Kumar, Hagop Tchaparian - Part II (Original Mix)",1614e51dbcad0e5c,1614e51dbcad0e5c_tw2,mix_out,3:12-3:28,0.8555,0.2,,,
"Anish Kumar, Hagop Tchaparian - Part II (Original Mix)",1614e51dbcad0e5c,1614e51dbcad0e5c_tw3,mix_in,1:25-1:41,0.7943,0.2,,,
Anthony Naples - Perk (Original Mix),d8cc780731a1d437,d8cc780731a1d437_tw1,bridge,2:10-2:26,0.9202,0.2,,,
Anthony Naples - Perk (Original Mix),d8cc780731a1d437,d8cc780731a1d437_tw2,mix_in,1:09-1:25,0.8973,0.2,,,
Anthony Naples - Perk (Original Mix),d8cc780731a1d437,d8cc780731a1d437_tw3,mix_out,4:12-4:28,0.8079,0.2,,,
Arun Verone - Eats Everything - Fries With That- (Unmixed) - 04 The Coming (Keep It Coming),794ea44463ede6fd,794ea44463ede6fd_tw1,mix_in,0:00-0:12,0.8526,0.2,,,
Arun Verone - Eats Everything - Fries With That- (Unmixed) - 04 The Coming (Keep It Coming),794ea44463ede6fd,794ea44463ede6fd_tw2,mix_in,0:52-1:08,0.8075,0.2,,,
Arun Verone - Eats Everything - Fries With That- (Unmixed) - 04 The Coming (Keep It Coming),794ea44463ede6fd,794ea44463ede6fd_tw3,bridge,3:56-4:12,0.7205,0.2,,,
Asa Moto - Twee Dikke Nekken,c10093542654c307,c10093542654c307_tw1,bridge,3:32-3:48,0.8339,0.2,,,
Asa Moto - Twee Dikke Nekken,c10093542654c307,c10093542654c307_tw2,bridge,3:00-3:16,0.8223,0.2,,,
Asa Moto - Twee Dikke Nekken,c10093542654c307,c10093542654c307_tw3,bridge,3:49-4:05,0.8137,0.2,,,
"Âme, Busiswa - Pha Na Pha - 01 Pha Na Pha",5c82ea37fcbfa28d,5c82ea37fcbfa28d_tw1,bridge,1:52-2:08,0.8163,0.2,,,
"Âme, Busiswa - Pha Na Pha - 01 Pha Na Pha",5c82ea37fcbfa28d,5c82ea37fcbfa28d_tw2,bridge,2:56-3:12,0.762,0.2,,,
"Âme, Busiswa - Pha Na Pha - 01 Pha Na Pha",5c82ea37fcbfa28d,5c82ea37fcbfa28d_tw3,mix_out,4:12-4:28,0.7414,0.2,,,
BRUX (AUS) - Pull The Trigger (Original Mix),06987e170b8722e1,06987e170b8722e1_tw1,bridge,1:42-1:58,0.8411,0.2,,,
BRUX (AUS) - Pull The Trigger (Original Mix),06987e170b8722e1,06987e170b8722e1_tw2,mix_in,0:17-0:33,0.7896,0.2,,,
BRUX (AUS) - Pull The Trigger (Original Mix),06987e170b8722e1,06987e170b8722e1_tw3,mix_out,2:48-3:04,0.7885,0.2,,,
Barry Can_t Swim - Different (Original Mix),c9bf29edea6b30f1,c9bf29edea6b30f1_tw1,mix_in,0:49-1:05,0.8528,0.2,,,
Barry Can_t Swim - Different (Original Mix),c9bf29edea6b30f1,c9bf29edea6b30f1_tw2,mix_in,0:22-0:38,0.8427,0.2,,,
Barry Can_t Swim - Different (Original Mix),c9bf29edea6b30f1,c9bf29edea6b30f1_tw3,mix_out,2:14-2:30,0.758,0.2,,,
"Beam, Danny Brown, PARISI, Fred again.. - OGdub (Original Mix)",f985c7326fe7d4e3,f985c7326fe7d4e3_tw1,bridge,1:45-2:01,0.8567,0.2,,,
"Beam, Danny Brown, PARISI, Fred again.. - OGdub (Original Mix)",f985c7326fe7d4e3,f985c7326fe7d4e3_tw2,bridge,1:05-1:21,0.8396,0.2,,,
"Beam, Danny Brown, PARISI, Fred again.. - OGdub (Original Mix)",f985c7326fe7d4e3,f985c7326fe7d4e3_tw3,mix_in,0:00-0:13,0.8011,0.2,,,
Ben Lukas Boysen - Quasar,5a4ea6a9f240e672,5a4ea6a9f240e672_tw1,mix_in,0:39-0:55,0.8663,0.2,,,
Ben Lukas Boysen - Quasar,5a4ea6a9f240e672,5a4ea6a9f240e672_tw2,mix_out,5:50-6:06,0.8044,0.2,,,
Ben Lukas Boysen - Quasar,5a4ea6a9f240e672,5a4ea6a9f240e672_tw3,mix_in,0:00-0:10,0.7811,0.2,,,
Bicep - CHROMA 001 HELIUM (Original Mix),f9fe2e1e1ca0264e,f9fe2e1e1ca0264e_tw1,mix_in,1:17-1:33,0.8464,0.2,,,
Bicep - CHROMA 001 HELIUM (Original Mix),f9fe2e1e1ca0264e,f9fe2e1e1ca0264e_tw2,mix_out,3:34-3:50,0.7423,0.2,,,
Bicep - CHROMA 001 HELIUM (Original Mix),f9fe2e1e1ca0264e,f9fe2e1e1ca0264e_tw3,mix_in,0:18-0:34,0.7181,0.2,,,
Bicep - CHROMA 004 ROLA (Original Mix),ecf64aa98ccd4467,ecf64aa98ccd4467_tw1,mix_in,0:00-0:09,0.7859,0.2,,,
Bicep - CHROMA 004 ROLA (Original Mix),ecf64aa98ccd4467,ecf64aa98ccd4467_tw2,mix_out,4:22-4:38,0.7708,0.2,,,
Bicep - CHROMA 004 ROLA (Original Mix),ecf64aa98ccd4467,ecf64aa98ccd4467_tw3,mix_in,1:17-1:33,0.767,0.2,,,
Bicep - CHROMA 010 BRILLO (Original Mix),77e5157a680273eb,77e5157a680273eb_tw1,bridge,1:46-2:02,0.7487,0.2,,,
Bicep - CHROMA 010 BRILLO (Original Mix),77e5157a680273eb,77e5157a680273eb_tw2,bridge,2:29-2:45,0.7359,0.2,,,
Bicep - CHROMA 010 BRILLO (Original Mix),77e5157a680273eb,77e5157a680273eb_tw3,mix_in,0:00-0:13,0.6975,0.2,,,
Bicep - CHROMA 012 TANGZ II,d03adf4f61816c1b,d03adf4f61816c1b_tw1,mix_out,3:22-3:38,0.8481,0.2,,,
Bicep - CHROMA 012 TANGZ II,d03adf4f61816c1b,d03adf4f61816c1b_tw2,mix_in,0:04-0:20,0.8364,0.2,,,
Bicep - CHROMA 012 TANGZ II,d03adf4f61816c1b,d03adf4f61816c1b_tw3,mix_in,0:43-0:59,0.78,0.2,,,
Bicep - Glue (Original Mix),c02823fe2164c6bc,c02823fe2164c6bc_tw1,bridge,1:50-2:06,0.8704,0.2,,,
Bicep - Glue (Original Mix),c02823fe2164c6bc,c02823fe2164c6bc_tw2,mix_out,3:49-4:05,0.8537,0.2,,,
Bicep - Glue (Original Mix),c02823fe2164c6bc,c02823fe2164c6bc_tw3,mix_in,0:00-0:15,0.7754,0.2,,,
Bicep - Opal (Four Tet Remix),63410ea8a613b072,63410ea8a613b072_tw1,mix_in,0:09-0:25,0.9026,0.2,,,
Bicep - Opal (Four Tet Remix),63410ea8a613b072,63410ea8a613b072_tw2,mix_in,0:00-0:09,0.8148,0.2,,,
Bicep - Opal (Four Tet Remix),63410ea8a613b072,63410ea8a613b072_tw3,mix_in,0:40-0:56,0.8074,0.2,,,
Bicep - Siena (feat. Clara La San),cc70ec7362e82f93,cc70ec7362e82f93_tw1,mix_out,3:39-3:55,0.9224,0.2,,,
Bicep - Siena (feat. Clara La San),cc70ec7362e82f93,cc70ec7362e82f93_tw2,mix_in,0:00-0:10,0.8214,0.2,,,
Bicep - Siena (feat. Clara La San),cc70ec7362e82f93,cc70ec7362e82f93_tw3,mix_in,0:21-0:37,0.7758,0.2,,,
Bodhi - 433Mhz (Original Mix),b2d3c5c17b5e26ac,b2d3c5c17b5e26ac_tw1,mix_out,4:35-4:51,0.8648,0.2,,,
Bodhi - 433Mhz (Original Mix),b2d3c5c17b5e26ac,b2d3c5c17b5e26ac_tw2,mix_in,0:21-0:37,0.8607,0.2,,,
Bodhi - 433Mhz (Original Mix),b2d3c5c17b5e26ac,b2d3c5c17b5e26ac_tw3,bridge,2:43-2:59,0.8358,0.2,,,
Bodhi - Thirst (Original Mix),79d93a2a256d0920,79d93a2a256d0920_tw1,mix_in,1:18-1:34,0.8089,0.2,,,
Bodhi - Thirst (Original Mix),79d93a2a256d0920,79d93a2a256d0920_tw2,mix_in,1:02-1:18,0.7937,0.2,,,
Bodhi - Thirst (Original Mix),79d93a2a256d0920,79d93a2a256d0920_tw3,mix_in,0:44-1:00,0.7774,0.2,,,
Borne - Give It To Me (Original Mix),e14e5bb4ca8b4449,e14e5bb4ca8b4449_tw1,mix_out,1:25-1:41,0.856,0.2,,,
Borne - Give It To Me (Original Mix),e14e5bb4ca8b4449,e14e5bb4ca8b4449_tw2,mix_in,0:03-0:19,0.8021,0.2,,,
Borne - Give It To Me (Original Mix),e14e5bb4ca8b4449,e14e5bb4ca8b4449_tw3,mix_out,1:55-2:11,0.7479,0.2,,,
Borne - My Mind (Original Mix),36cae2ae1404c8bc,36cae2ae1404c8bc_tw1,bridge,1:29-1:45,0.7963,0.2,,,
Borne - My Mind (Original Mix),36cae2ae1404c8bc,36cae2ae1404c8bc_tw2,mix_out,2:11-2:27,0.7929,0.2,,,
Borne - My Mind (Original Mix),36cae2ae1404c8bc,36cae2ae1404c8bc_tw3,bridge,1:08-1:24,0.7891,0.2,,,
Borne - Silence (Original Mix),53fbcbdbf4e05d8d,53fbcbdbf4e05d8d_tw1,bridge,1:05-1:21,0.8591,0.2,,,
Borne - Silence (Original Mix),53fbcbdbf4e05d8d,53fbcbdbf4e05d8d_tw2,bridge,1:34-1:50,0.8198,0.2,,,
Borne - Silence (Original Mix),53fbcbdbf4e05d8d,53fbcbdbf4e05d8d_tw3,mix_in,0:00-0:11,0.7649,0.2,,,
"Borne, Alexis B - Hush (Original Mix)",ef893bb059923fdc,ef893bb059923fdc_tw1,mix_in,0:17-0:33,0.7807,0.2,,,
"Borne, Alexis B - Hush (Original Mix)",ef893bb059923fdc,ef893bb059923fdc_tw2,bridge,0:49-1:05,0.7742,0.2,,,
"Borne, Alexis B - Hush (Original Mix)",ef893bb059923fdc,ef893bb059923fdc_tw3,bridge,1:12-1:28,0.7164,0.2,,,
"Brazy, KILIMANJARO - CULTURE CLUB (Original Mix)",66ce10a39728ac1b,66ce10a39728ac1b_tw1,bridge,1:40-1:56,0.9004,0.2,,,
"Brazy, KILIMANJARO - CULTURE CLUB (Original Mix)",66ce10a39728ac1b,66ce10a39728ac1b_tw2,bridge,1:23-1:39,0.8055,0.2,,,
"Brazy, KILIMANJARO - CULTURE CLUB (Original Mix)",66ce10a39728ac1b,66ce10a39728ac1b_tw3,mix_out,3:15-3:31,0.776,0.2,,,
Breaka - Berry Baby Cheeto,7f7b41fd20c0afbe,7f7b41fd20c0afbe_tw1,mix_out,3:47-4:03,0.8329,0.2,,,
Breaka - Berry Baby Cheeto,7f7b41fd20c0afbe,7f7b41fd20c0afbe_tw2,bridge,2:08-2:24,0.7972,0.2,,,
Breaka - Berry Baby Cheeto,7f7b41fd20c0afbe,7f7b41fd20c0afbe_tw3,mix_in,0:07-0:23,0.7911,0.2,,,
Broken English Club - Crawling (Original Mix),eef9f387ab98e8c0,eef9f387ab98e8c0_tw1,bridge,2:46-3:02,0.8402,0.2,,,
Broken English Club - Crawling (Original Mix),eef9f387ab98e8c0,eef9f387ab98e8c0_tw2,bridge,1:45-2:01,0.7553,0.2,,,
Broken English Club - Crawling (Original Mix),eef9f387ab98e8c0,eef9f387ab98e8c0_tw3,mix_in,0:21-0:37,0.6544,0.2,,,
"Buraka Som Sistema, Chris Lorenzo, Marco Strous - BaBaBa (Hangover) (Extended Mix)",8d903670791311a4,8d903670791311a4_tw1,mix_out,4:18-4:34,0.9133,0.2,,,
"Buraka Som Sistema, Chris Lorenzo, Marco Strous - BaBaBa (Hangover) (Extended Mix)",8d903670791311a4,8d903670791311a4_tw2,bridge,2:16-2:32,0.8373,0.2,,,
"Buraka Som Sistema, Chris Lorenzo, Marco Strous - BaBaBa (Hangover) (Extended Mix)",8d903670791311a4,8d903670791311a4_tw3,mix_in,0:24-0:40,0.8074,0.2,,,
Butch - Schlecker (Original Mix),0d74f481c29d23c7,0d74f481c29d23c7_tw1,bridge,2:25-2:41,0.9387,0.2,,,
Butch - Schlecker (Original Mix),0d74f481c29d23c7,0d74f481c29d23c7_tw2,mix_out,5:41-5:57,0.7896,0.2,,,
Butch - Schlecker (Original Mix),0d74f481c29d23c7,0d74f481c29d23c7_tw3,mix_out,5:13-5:29,0.773,0.2,,,
COIDO - Irreversible (Original Mix),cdebc650762ffac4,cdebc650762ffac4_tw1,mix_out,3:49-4:05,0.8209,0.2,,,
COIDO - Irreversible (Original Mix),cdebc650762ffac4,cdebc650762ffac4_tw2,mix_in,0:20-0:36,0.8079,0.2,,,
COIDO - Irreversible (Original Mix),cdebc650762ffac4,cdebc650762ffac4_tw3,bridge,1:57-2:13,0.8017,0.2,,,
COIDO - Little Snitch (Original Mix),d428a30a73139723,d428a30a73139723_tw1,mix_in,0:07-0:23,0.947,0.2,,,
COIDO - Little Snitch (Original Mix),d428a30a73139723,d428a30a73139723_tw2,bridge,2:30-2:46,0.8792,0.2,,,
COIDO - Little Snitch (Original Mix),d428a30a73139723,d428a30a73139723_tw3,mix_out,4:31-4:47,0.7351,0.2,,,
Cameo Blush - Crimson Arch (Original Mix),c81191256a6aa417,c81191256a6aa417_tw1,mix_in,1:03-1:19,0.8931,0.2,,,
Cameo Blush - Crimson Arch (Original Mix),c81191256a6aa417,c81191256a6aa417_tw2,bridge,2:40-2:56,0.8502,0.2,,,
Cameo Blush - Crimson Arch (Original Mix),c81191256a6aa417,c81191256a6aa417_tw3,mix_out,3:11-3:27,0.7876,0.2,,,
Caribou - Honey,57cd3e8df4537914,57cd3e8df4537914_tw1,mix_in,0:20-0:36,0.8293,0.2,,,
Caribou - Honey,57cd3e8df4537914,57cd3e8df4537914_tw2,mix_in,0:48-1:04,0.8198,0.2,,,
Caribou - Honey,57cd3e8df4537914,57cd3e8df4537914_tw3,bridge,2:10-2:26,0.8146,0.2,,,
Chef Boyarbeatz - Steady Slurkin_ (Original Mix),d300cfc8f6312a24,d300cfc8f6312a24_tw1,bridge,2:20-2:36,0.8721,0.2,,,
Chef Boyarbeatz - Steady Slurkin_ (Original Mix),d300cfc8f6312a24,d300cfc8f6312a24_tw2,mix_in,0:17-0:33,0.8341,0.2,,,
Chef Boyarbeatz - Steady Slurkin_ (Original Mix),d300cfc8f6312a24,d300cfc8f6312a24_tw3,mix_out,4:28-4:44,0.7821,0.2,,,
Dam Swindle - That’s Right,3d611156fd542249,3d611156fd542249_tw1,mix_out,4:40-4:56,0.9165,0.2,,,
Dam Swindle - That’s Right,3d611156fd542249,3d611156fd542249_tw2,mix_in,2:02-2:18,0.8341,0.2,,,
Dam Swindle - That’s Right,3d611156fd542249,3d611156fd542249_tw3,mix_out,6:46-7:02,0.8102,0.2,,,
"Daniel Avery, Cecile Believe - Rapture in Blue (Midnight Version)",3e6208672e0485b5,3e6208672e0485b5_tw1,bridge,2:20-2:36,0.8809,0.2,,,
"Daniel Avery, Cecile Believe - Rapture in Blue (Midnight Version)",3e6208672e0485b5,3e6208672e0485b5_tw2,mix_in,0:00-0:09,0.8357,0.2,,,
"Daniel Avery, Cecile Believe - Rapture in Blue (Midnight Version)",3e6208672e0485b5,3e6208672e0485b5_tw3,mix_out,3:50-4:06,0.7547,0.2,,,
Daniel Trim - Eats Everything - Fries With That- (Unmixed) - 11 Asimo (Original Mix),21d744964a6774f3,21d744964a6774f3_tw1,mix_in,2:11-2:27,0.8164,0.2,,,
Daniel Trim - Eats Everything - Fries With That- (Unmixed) - 11 Asimo (Original Mix),21d744964a6774f3,21d744964a6774f3_tw2,mix_in,0:53-1:09,0.782,0.2,,,
Daniel Trim - Eats Everything - Fries With That- (Unmixed) - 11 Asimo (Original Mix),21d744964a6774f3,21d744964a6774f3_tw3,bridge,4:30-4:46,0.7504,0.2,,,
Danny Goliger - Gimme That  (Original Mix),2fa9de8027e4a382,2fa9de8027e4a382_tw1,mix_in,0:33-0:49,0.8856,0.2,,,
Danny Goliger - Gimme That  (Original Mix),2fa9de8027e4a382,2fa9de8027e4a382_tw2,bridge,2:09-2:25,0.8778,0.2,,,
Danny Goliger - Gimme That  (Original Mix),2fa9de8027e4a382,2fa9de8027e4a382_tw3,mix_in,0:06-0:22,0.8446,0.2,,,
Daphni - Clap Your Hands - 01 Clap Your Hands,5cc8264436c2eb1e,5cc8264436c2eb1e_tw1,bridge,1:45-2:01,0.9269,0.2,,,
Daphni - Clap Your Hands - 01 Clap Your Hands,5cc8264436c2eb1e,5cc8264436c2eb1e_tw2,mix_in,0:35-0:51,0.8556,0.2,,,
Daphni - Clap Your Hands - 01 Clap Your Hands,5cc8264436c2eb1e,5cc8264436c2eb1e_tw3,mix_in,1:01-1:17,0.8233,0.2,,,
Daphni - Good Night Baby (Aasthma Remix),ce66514e6e300792,ce66514e6e300792_tw1,mix_out,4:37-4:53,0.8451,0.2,,,
Daphni - Good Night Baby (Aasthma Remix),ce66514e6e300792,ce66514e6e300792_tw2,bridge,2:34-2:50,0.8392,0.2,,,
Daphni - Good Night Baby (Aasthma Remix),ce66514e6e300792,ce66514e6e300792_tw3,bridge,2:08-2:24,0.7799,0.2,,,
Daphni - Waiting So Long (Original Mix),8ab439f2c2b281d0,8ab439f2c2b281d0_tw1,mix_in,0:50-1:06,0.9241,0.2,,,
Daphni - Waiting So Long (Original Mix),8ab439f2c2b281d0,8ab439f2c2b281d0_tw2,bridge,2:16-2:32,0.8831,0.2,,,
Daphni - Waiting So Long (Original Mix),8ab439f2c2b281d0,8ab439f2c2b281d0_tw3,bridge,1:48-2:04,0.8421,0.2,,,
"Daphni, Sofia Kourtesis - Unidos (Original Mix)",d7bae3ec9c83e78a,d7bae3ec9c83e78a_tw1,bridge,1:48-2:04,0.8829,0.2,,,
"Daphni, Sofia Kourtesis - Unidos (Original Mix)",d7bae3ec9c83e78a,d7bae3ec9c83e78a_tw2,mix_in,0:36-0:52,0.8669,0.2,,,
"Daphni, Sofia Kourtesis - Unidos (Original Mix)",d7bae3ec9c83e78a,d7bae3ec9c83e78a_tw3,mix_in,0:07-0:23,0.8557,0.2,,,
"David Amo, Julio Navas, Gustavo Bravetti - Raw (Tony Romera Extended Mix)",7358dedc5f1a9322,7358dedc5f1a9322_tw1,mix_in,0:00-0:09,0.8705,0.2,,,
"David Amo, Julio Navas, Gustavo Bravetti - Raw (Tony Romera Extended Mix)",7358dedc5f1a9322,7358dedc5f1a9322_tw2,bridge,2:23-2:39,0.845,0.2,,,
"David Amo, Julio Navas, Gustavo Bravetti - Raw (Tony Romera Extended Mix)",7358dedc5f1a9322,7358dedc5f1a9322_tw3,bridge,2:47-3:03,0.8271,0.2,,,
Decius - Eats Everything - Fries With That- (Unmixed) - 14 Gay Futures (Original Mix),7e5227c1d5b338fa,7e5227c1d5b338fa_tw1,bridge,3:28-3:44,0.7979,0.2,,,
Decius - Eats Everything - Fries With That- (Unmixed) - 14 Gay Futures (Original Mix),7e5227c1d5b338fa,7e5227c1d5b338fa_tw2,mix_out,6:40-6:56,0.782,0.2,,,
Decius - Eats Everything - Fries With That- (Unmixed) - 14 Gay Futures (Original Mix),7e5227c1d5b338fa,7e5227c1d5b338fa_tw3,mix_in,0:46-1:02,0.7552,0.2,,,
Dj Babatr - Sunshine Tribe (Original Mix),aa378f947b154170,aa378f947b154170_tw1,mix_in,1:03-1:19,0.8746,0.2,,,
Dj Babatr - Sunshine Tribe (Original Mix),aa378f947b154170,aa378f947b154170_tw2,mix_out,3:09-3:25,0.7945,0.2,,,
Dj Babatr - Sunshine Tribe (Original Mix),aa378f947b154170,aa378f947b154170_tw3,mix_out,4:23-4:39,0.7624,0.2,,,
Djaimin - Eats Everything - Fries With That- (Unmixed) - 18 Open The Door (DJ Shorty Zanzibar Stomper Mix),fe1af1ff9b988eca,fe1af1ff9b988eca_tw1,bridge,3:06-3:22,0.8759,0.2,,,
Djaimin - Eats Everything - Fries With That- (Unmixed) - 18 Open The Door (DJ Shorty Zanzibar Stomper Mix),fe1af1ff9b988eca,fe1af1ff9b988eca_tw2,bridge,3:37-3:53,0.8155,0.2,,,
Djaimin - Eats Everything - Fries With That- (Unmixed) - 18 Open The Door (DJ Shorty Zanzibar Stomper Mix),fe1af1ff9b988eca,fe1af1ff9b988eca_tw3,mix_out,4:39-4:55,0.7989,0.2,,,
"Dombresky, Disco Dom - Funky Flights (Original Mix)",fc7cc7ac938be062,fc7cc7ac938be062_tw1,mix_in,0:22-0:38,0.811,0.2,,,
"Dombresky, Disco Dom - Funky Flights (Original Mix)",fc7cc7ac938be062,fc7cc7ac938be062_tw2,mix_out,3:17-3:33,0.7943,0.2,,,
"Dombresky, Disco Dom - Funky Flights (Original Mix)",fc7cc7ac938be062,fc7cc7ac938be062_tw3,bridge,1:44-2:00,0.7691,0.2,,,
Doug Lazy - Eats Everything - Fries With That- (Unmixed) - 23 Rollin On (SPS Dub),756509b9e122b941,756509b9e122b941_tw1,mix_in,0:00-0:09,0.9398,0.2,,,
Doug Lazy - Eats Everything - Fries With That- (Unmixed) - 23 Rollin On (SPS Dub),756509b9e122b941,756509b9e122b941_tw2,mix_out,6:09-6:25,0.8123,0.2,,,
Doug Lazy - Eats Everything - Fries With That- (Unmixed) - 23 Rollin On (SPS Dub),756509b9e122b941,756509b9e122b941_tw3,mix_in,2:12-2:28,0.8088,0.2,,,
Drone - Burnt Lungs (Original Mix),8f72ad75222d3b5b,8f72ad75222d3b5b_tw1,bridge,1:42-1:58,0.9562,0.2,,,
Drone - Burnt Lungs (Original Mix),8f72ad75222d3b5b,8f72ad75222d3b5b_tw2,mix_in,0:14-0:30,0.8074,0.2,,,
Drone - Burnt Lungs (Original Mix),8f72ad75222d3b5b,8f72ad75222d3b5b_tw3,bridge,2:03-2:19,0.8024,0.2,,,
Duckett - Punch And Judy  (Original Mix),287369d05fb2027c,287369d05fb2027c_tw1,mix_out,3:58-4:14,0.9228,0.2,,,
Duckett - Punch And Judy  (Original Mix),287369d05fb2027c,287369d05fb2027c_tw2,bridge,1:25-1:41,0.8683,0.2,,,
Duckett - Punch And Judy  (Original Mix),287369d05fb2027c,287369d05fb2027c_tw3,mix_out,4:27-4:36,0.7725,0.2,,,
"Eksman, Hedex - Rowdy (BLAOW!) (Extended Mix)",ab6eebe87077ab96,ab6eebe87077ab96_tw1,mix_in,0:04-0:20,0.8353,0.2,,,
"Eksman, Hedex - Rowdy (BLAOW!) (Extended Mix)",ab6eebe87077ab96,ab6eebe87077ab96_tw2,bridge,1:53-2:09,0.7914,0.2,,,
"Eksman, Hedex - Rowdy (BLAOW!) (Extended Mix)",ab6eebe87077ab96,ab6eebe87077ab96_tw3,mix_in,0:22-0:38,0.7519,0.2,,,
En_vy - Alert (Original Mix),e6414218a818b4ab,e6414218a818b4ab_tw1,bridge,1:49-2:05,0.826,0.2,,,
En_vy - Alert (Original Mix),e6414218a818b4ab,e6414218a818b4ab_tw2,mix_in,0:14-0:30,0.8203,0.2,,,
En_vy - Alert (Original Mix),e6414218a818b4ab,e6414218a818b4ab_tw3,mix_out,3:21-3:37,0.7548,0.2,,,
Era4 - Arriba (Original Mix),f805ef4d4d90c8bf,f805ef4d4d90c8bf_tw1,mix_in,0:20-0:36,0.816,0.2,,,
Era4 - Arriba (Original Mix),f805ef4d4d90c8bf,f805ef4d4d90c8bf_tw2,mix_in,0:01-0:17,0.7337,0.2,,,
Era4 - Arriba (Original Mix),f805ef4d4d90c8bf,f805ef4d4d90c8bf_tw3,bridge,1:34-1:50,0.7195,0.2,,,
Falle Nioke - Heaviness (Hagop Tchaparian remix),2fffae9d1d113823,2fffae9d1d113823_tw1,mix_out,2:59-3:15,0.9282,0.2,,,
Falle Nioke - Heaviness (Hagop Tchaparian remix),2fffae9d1d113823,2fffae9d1d113823_tw2,bridge,1:33-1:49,0.8891,0.2,,,
Falle Nioke - Heaviness (Hagop Tchaparian remix),2fffae9d1d113823,2fffae9d1d113823_tw3,mix_in,0:04-0:20,0.7693,0.2,,,
Fela Kuti - Roforofo Fight (Dominic Dawson Re-Versions) - 01 Roforofo Fight Part#1 (Dominic Dawson Re-Version),9575b91f3951c4e4,9575b91f3951c4e4_tw1,mix_out,7:07-7:23,0.8744,0.2,,,
Fela Kuti - Roforofo Fight (Dominic Dawson Re-Versions) - 01 Roforofo Fight Part#1 (Dominic Dawson Re-Version),9575b91f3951c4e4,9575b91f3951c4e4_tw2,bridge,3:00-3:16,0.8511,0.2,,,
Fela Kuti - Roforofo Fight (Dominic Dawson Re-Versions) - 01 Roforofo Fight Part#1 (Dominic Dawson Re-Version),9575b91f3951c4e4,9575b91f3951c4e4_tw3,bridge,2:43-2:59,0.7589,0.2,,,
Fela Kuti - Roforofo Fight (Dominic Dawson Re-Versions) - 02 Roforofo Fight Part#2 (Dominic Dawson Re-Version),a600a9f13378d321,a600a9f13378d321_tw1,mix_in,0:00-0:09,0.8583,0.2,,,
Fela Kuti - Roforofo Fight (Dominic Dawson Re-Versions) - 02 Roforofo Fight Part#2 (Dominic Dawson Re-Version),a600a9f13378d321,a600a9f13378d321_tw2,bridge,3:45-4:01,0.8122,0.2,,,
Fela Kuti - Roforofo Fight (Dominic Dawson Re-Versions) - 02 Roforofo Fight Part#2 (Dominic Dawson Re-Version),a600a9f13378d321,a600a9f13378d321_tw3,bridge,4:16-4:32,0.7657,0.2,,,
Flava D - Dem Not Ready (Original Mix),1bab7610136f7d84,1bab7610136f7d84_tw1,mix_out,4:00-4:16,0.8695,0.2,,,
Flava D - Dem Not Ready (Original Mix),1bab7610136f7d84,1bab7610136f7d84_tw2,mix_in,0:20-0:36,0.8673,0.2,,,
Flava D - Dem Not Ready (Original Mix),1bab7610136f7d84,1bab7610136f7d84_tw3,bridge,2:23-2:39,0.835,0.2,,,
"Flava D, Stush - Energy (Original Mix)",62431fe290e91588,62431fe290e91588_tw1,mix_in,0:06-0:22,0.8839,0.2,,,
"Flava D, Stush - Energy (Original Mix)",62431fe290e91588,62431fe290e91588_tw2,mix_out,3:05-3:21,0.8306,0.2,,,
"Flava D, Stush - Energy (Original Mix)",62431fe290e91588,62431fe290e91588_tw3,bridge,1:52-2:08,0.7514,0.2,,,
Floating Points - Del Oro - 01 Del Oro,80d2a7a4f985ae3b,80d2a7a4f985ae3b_tw1,mix_out,4:06-4:22,0.8991,0.2,,,
Floating Points - Del Oro - 01 Del Oro,80d2a7a4f985ae3b,80d2a7a4f985ae3b_tw2,mix_in,1:37-1:53,0.8618,0.2,,,
Floating Points - Del Oro - 01 Del Oro,80d2a7a4f985ae3b,80d2a7a4f985ae3b_tw3,mix_in,0:37-0:53,0.8402,0.2,,,
Floating Points - Last Bloom,c07a1f388bf5853e,c07a1f388bf5853e_tw1,mix_out,5:24-5:40,0.8131,0.2,,,
Floating Points - Last Bloom,c07a1f388bf5853e,c07a1f388bf5853e_tw2,mix_in,0:21-0:37,0.812,0.2,,,
Floating Points - Last Bloom,c07a1f388bf5853e,c07a1f388bf5853e_tw3,mix_out,5:04-5:20,0.7601,0.2,,,
Floating Points - LesAlpx (Original Mix),37096dfd26be7a8a,37096dfd26be7a8a_tw1,bridge,1:58-2:14,0.8656,0.2,,,
Floating Points - LesAlpx (Original Mix),37096dfd26be7a8a,37096dfd26be7a8a_tw2,mix_out,3:39-3:55,0.8074,0.2,,,
Floating Points - LesAlpx (Original Mix),37096dfd26be7a8a,37096dfd26be7a8a_tw3,mix_in,0:00-0:12,0.7626,0.2,,,
Flux Mode - Eats Everything - Fries With That- (Unmixed) - 02 Tumba (Original Mix),c3abd360fa0cbee5,c3abd360fa0cbee5_tw1,mix_out,6:39-6:55,0.8427,0.2,,,
Flux Mode - Eats Everything - Fries With That- (Unmixed) - 02 Tumba (Original Mix),c3abd360fa0cbee5,c3abd360fa0cbee5_tw2,mix_in,0:09-0:25,0.7993,0.2,,,
Flux Mode - Eats Everything - Fries With That- (Unmixed) - 02 Tumba (Original Mix),c3abd360fa0cbee5,c3abd360fa0cbee5_tw3,mix_in,0:00-0:09,0.7814,0.2,,,
"Fold, cu.rve - Business (Original Mix)",0b6db038bbd47b93,0b6db038bbd47b93_tw1,mix_in,0:00-0:09,0.9148,0.2,,,
"Fold, cu.rve - Business (Original Mix)",0b6db038bbd47b93,0b6db038bbd47b93_tw2,bridge,2:37-2:53,0.8846,0.2,,,
"Fold, cu.rve - Business (Original Mix)",0b6db038bbd47b93,0b6db038bbd47b93_tw3,mix_in,0:20-0:36,0.8611,0.2,,,
"Fred again.., Wallfacer - I Luv U (Original Mix)",44c127693d639e78,44c127693d639e78_tw1,bridge,1:56-2:12,0.9304,0.2,,,
"Fred again.., Wallfacer - I Luv U (Original Mix)",44c127693d639e78,44c127693d639e78_tw2,mix_in,0:34-0:50,0.9075,0.2,,,
"Fred again.., Wallfacer - I Luv U (Original Mix)",44c127693d639e78,44c127693d639e78_tw3,bridge,1:29-1:45,0.8468,0.2,,,
G-Man - Eats Everything - Fries With That- (Unmixed) - 21 Quo Vadis (Original Mix),02448280c5e367a9,02448280c5e367a9_tw1,bridge,3:30-3:46,0.8934,0.2,,,
G-Man - Eats Everything - Fries With That- (Unmixed) - 21 Quo Vadis (Original Mix),02448280c5e367a9,02448280c5e367a9_tw2,bridge,5:02-5:18,0.7679,0.2,,,
G-Man - Eats Everything - Fries With That- (Unmixed) - 21 Quo Vadis (Original Mix),02448280c5e367a9,02448280c5e367a9_tw3,bridge,5:21-5:37,0.7599,0.2,,,
"Gabe, Marco Strous - Snogo (Extended Mix)",be8d559256280587,be8d559256280587_tw1,bridge,1:32-1:48,0.8439,0.2,,,
"Gabe, Marco Strous - Snogo (Extended Mix)",be8d559256280587,be8d559256280587_tw2,bridge,2:17-2:33,0.7879,0.2,,,
"Gabe, Marco Strous - Snogo (Extended Mix)",be8d559256280587,be8d559256280587_tw3,mix_out,4:42-4:58,0.7869,0.2,,,
"General Levy, M-Beat, Isgwan - Incredible Dub (Extended Mix)",afd80297c8c3925d,afd80297c8c3925d_tw1,mix_out,4:21-4:37,0.9072,0.2,,,
"General Levy, M-Beat, Isgwan - Incredible Dub (Extended Mix)",afd80297c8c3925d,afd80297c8c3925d_tw2,mix_in,0:59-1:15,0.819,0.2,,,
"General Levy, M-Beat, Isgwan - Incredible Dub (Extended Mix)",afd80297c8c3925d,afd80297c8c3925d_tw3,bridge,2:21-2:37,0.8179,0.2,,,
"Gentlemens Club, Zoey808 - DADADA (Original Mix)",8508a942f47185b9,8508a942f47185b9_tw1,mix_in,0:21-0:37,0.8013,0.2,,,
"Gentlemens Club, Zoey808 - DADADA (Original Mix)",8508a942f47185b9,8508a942f47185b9_tw2,mix_in,0:00-0:15,0.7521,0.2,,,
"Gentlemens Club, Zoey808 - DADADA (Original Mix)",8508a942f47185b9,8508a942f47185b9_tw3,bridge,1:33-1:49,0.7355,0.2,,,
Gin Tonic Orchestra - Nuits Sonores (Rework),86f8b181ca6211dc,86f8b181ca6211dc_tw1,mix_out,8:59-9:15,0.9337,0.2,,,
Gin Tonic Orchestra - Nuits Sonores (Rework),86f8b181ca6211dc,86f8b181ca6211dc_tw2,mix_in,2:59-3:15,0.7976,0.2,,,
Gin Tonic Orchestra - Nuits Sonores (Rework),86f8b181ca6211dc,86f8b181ca6211dc_tw3,mix_out,7:53-8:09,0.7846,0.2,,,
Groovboy - Body Now (Original Mix),7072dc6bde1cafe6,7072dc6bde1cafe6_tw1,mix_in,1:06-1:22,0.8943,0.2,,,
Groovboy - Body Now (Original Mix),7072dc6bde1cafe6,7072dc6bde1cafe6_tw2,bridge,2:50-3:06,0.8853,0.2,,,
Groovboy - Body Now (Original Mix),7072dc6bde1cafe6,7072dc6bde1cafe6_tw3,mix_out,4:33-4:49,0.7585,0.2,,,
HAAi - CHONKIBOI (Original Mix),e296a5e39a01595d,e296a5e39a01595d_tw1,mix_out,5:40-5:56,0.8805,0.2,,,
HAAi - CHONKIBOI (Original Mix),e296a5e39a01595d,e296a5e39a01595d_tw2,bridge,2:46-3:02,0.8578,0.2,,,
HAAi - CHONKIBOI (Original Mix),e296a5e39a01595d,e296a5e39a01595d_tw3,bridge,2:04-2:20,0.8329,0.2,,,
Harba - Despair,e3a4ed7a200c3644,e3a4ed7a200c3644_tw1,mix_out,3:44-4:00,0.792,0.2,,,
Harba - Despair,e3a4ed7a200c3644,e3a4ed7a200c3644_tw2,bridge,2:32-2:48,0.781,0.2,,,
Harba - Despair,e3a4ed7a200c3644,e3a4ed7a200c3644_tw3,bridge,1:15-1:31,0.7794,0.2,,,
Hassan Abou Alam - Mahzooz,b465d15e3ede7cf9,b465d15e3ede7cf9_tw1,bridge,1:27-1:43,0.8357,0.2,,,
Hassan Abou Alam - Mahzooz,b465d15e3ede7cf9,b465d15e3ede7cf9_tw2,mix_out,2:45-3:01,0.7816,0.2,,,
Hassan Abou Alam - Mahzooz,b465d15e3ede7cf9,b465d15e3ede7cf9_tw3,mix_in,0:17-0:33,0.7194,0.2,,,
Herbert - Eats Everything - Fries With That- (Unmixed) - 06 Got To Be Movin’ (On The Dancefloor),5a21dd5e5816f3c0,5a21dd5e5816f3c0_tw1,bridge,2:45-3:01,0.8529,0.2,,,
Herbert - Eats Everything - Fries With That- (Unmixed) - 06 Got To Be Movin’ (On The Dancefloor),5a21dd5e5816f3c0,5a21dd5e5816f3c0_tw2,bridge,5:06-5:22,0.8393,0.2,,,
Herbert - Eats Everything - Fries With That- (Unmixed) - 06 Got To Be Movin’ (On The Dancefloor),5a21dd5e5816f3c0,5a21dd5e5816f3c0_tw3,mix_in,0:08-0:24,0.8205,0.2,,,
Hodge - Wiggler,164171f1b558d7a6,164171f1b558d7a6_tw1,bridge,2:43-2:59,0.8207,0.2,,,
Hodge - Wiggler,164171f1b558d7a6,164171f1b558d7a6_tw2,mix_in,0:35-0:51,0.7782,0.2,,,
Hodge - Wiggler,164171f1b558d7a6,164171f1b558d7a6_tw3,bridge,3:09-3:25,0.7711,0.2,,,
"Inez, Malugi - Chiggy Chiggy (Rohaan Extended Remix)",1cf8d2e2dd56e261,1cf8d2e2dd56e261_tw1,mix_in,0:00-0:11,0.8965,0.2,,,
"Inez, Malugi - Chiggy Chiggy (Rohaan Extended Remix)",1cf8d2e2dd56e261,1cf8d2e2dd56e261_tw2,mix_out,2:37-2:53,0.8496,0.2,,,
"Inez, Malugi - Chiggy Chiggy (Rohaan Extended Remix)",1cf8d2e2dd56e261,1cf8d2e2dd56e261_tw3,bridge,1:29-1:45,0.8416,0.2,,,
JD. REID - smoke (Original Mix),4f0008ba9513c887,4f0008ba9513c887_tw1,mix_in,0:00-0:09,0.8815,0.2,,,
JD. REID - smoke (Original Mix),4f0008ba9513c887,4f0008ba9513c887_tw2,bridge,1:15-1:31,0.8484,0.2,,,
JD. REID - smoke (Original Mix),4f0008ba9513c887,4f0008ba9513c887_tw3,bridge,2:10-2:26,0.8156,0.2,,,
JIALING - BIG J FALLS (Original Mix),5f13fb29f62de7d7,5f13fb29f62de7d7_tw1,mix_in,0:00-0:10,0.8949,0.2,,,
JIALING - BIG J FALLS (Original Mix),5f13fb29f62de7d7,5f13fb29f62de7d7_tw2,mix_in,0:21-0:37,0.8337,0.2,,,
JIALING - BIG J FALLS (Original Mix),5f13fb29f62de7d7,5f13fb29f62de7d7_tw3,bridge,1:56-2:12,0.8038,0.2,,,
JIALING - MELTING POINT 溶點,ff8c6eb5eba2c1af,ff8c6eb5eba2c1af_tw1,mix_in,0:00-0:09,0.907,0.2,,,
JIALING - MELTING POINT 溶點,ff8c6eb5eba2c1af,ff8c6eb5eba2c1af_tw2,mix_out,3:32-3:48,0.8351,0.2,,,
JIALING - MELTING POINT 溶點,ff8c6eb5eba2c1af,ff8c6eb5eba2c1af_tw3,mix_out,3:57-4:13,0.7877,0.2,,,
JLZ - DZ7 (Original Mix),725965c3dca2b629,725965c3dca2b629_tw1,mix_out,2:38-2:54,0.849,0.2,,,
JLZ - DZ7 (Original Mix),725965c3dca2b629,725965c3dca2b629_tw2,mix_out,3:36-3:47,0.759,0.2,,,
JLZ - DZ7 (Original Mix),725965c3dca2b629,725965c3dca2b629_tw3,mix_in,0:17-0:33,0.7521,0.2,,,
Jacques Greene - Believe,00809f86dbe56e4a,00809f86dbe56e4a_tw1,mix_in,0:10-0:26,0.851,0.2,,,
Jacques Greene - Believe,00809f86dbe56e4a,00809f86dbe56e4a_tw2,bridge,3:03-3:19,0.758,0.2,,,
Jacques Greene - Believe,00809f86dbe56e4a,00809f86dbe56e4a_tw3,bridge,1:36-1:52,0.75,0.2,,,
Jacques Greene - I Won_t (Original Mix),f5b74b1b1c122379,f5b74b1b1c122379_tw1,mix_in,0:07-0:23,0.9348,0.2,,,
Jacques Greene - I Won_t (Original Mix),f5b74b1b1c122379,f5b74b1b1c122379_tw2,bridge,2:49-3:05,0.8036,0.2,,,
Jacques Greene - I Won_t (Original Mix),f5b74b1b1c122379,f5b74b1b1c122379_tw3,mix_in,1:22-1:38,0.7795,0.2,,,
Jamie xx - Breather,8f454dfda330b180,8f454dfda330b180_tw1,mix_in,0:53-1:09,0.8647,0.2,,,
Jamie xx - Breather,8f454dfda330b180,8f454dfda330b180_tw2,mix_out,6:03-6:16,0.7703,0.2,,,
Jamie xx - Breather,8f454dfda330b180,8f454dfda330b180_tw3,mix_out,5:43-5:59,0.7551,0.2,,,
Janek,63a1edef3ba63e91,63a1edef3ba63e91_tw1,mix_in,4:17-4:33,0.9249,0.2,,,
Janek,63a1edef3ba63e91,63a1edef3ba63e91_tw2,mix_in,4:45-5:01,0.8981,0.2,,,
Janek,63a1edef3ba63e91,63a1edef3ba63e91_tw3,mix_in,6:50-7:06,0.8404,0.2,,,
Jasmin - Bite the Hand (Original Mix),b8b027294beb4333,b8b027294beb4333_tw1,mix_in,0:19-0:35,0.8358,0.2,,,
Jasmin - Bite the Hand (Original Mix),b8b027294beb4333,b8b027294beb4333_tw2,mix_out,4:13-4:29,0.8005,0.2,,,
Jasmin - Bite the Hand (Original Mix),b8b027294beb4333,b8b027294beb4333_tw3,mix_in,1:16-1:32,0.7524,0.2,,,
Jasper Tygner - Before Me (Original Mix),f9b29abcde09b664,f9b29abcde09b664_tw1,bridge,1:28-1:44,0.8611,0.2,,,
Jasper Tygner - Before Me (Original Mix),f9b29abcde09b664,f9b29abcde09b664_tw2,mix_in,0:00-0:11,0.7447,0.2,,,
Jasper Tygner - Before Me (Original Mix),f9b29abcde09b664,f9b29abcde09b664_tw3,mix_in,0:11-0:27,0.7217,0.2,,,
Jaymie Silk - Illegal Love,dc6891546f59de66,dc6891546f59de66_tw1,mix_out,3:06-3:22,0.8704,0.2,,,
Jaymie Silk - Illegal Love,dc6891546f59de66,dc6891546f59de66_tw2,bridge,1:30-1:46,0.8653,0.2,,,
Jaymie Silk - Illegal Love,dc6891546f59de66,dc6891546f59de66_tw3,mix_in,0:58-1:14,0.7619,0.2,,,
Jeigo - Act Like You're Strong,db80e3d15af9b0ca,db80e3d15af9b0ca_tw1,mix_in,0:50-1:06,0.9002,0.2,,,
Jeigo - Act Like You're Strong,db80e3d15af9b0ca,db80e3d15af9b0ca_tw2,bridge,2:56-3:12,0.8797,0.2,,,
Jeigo - Act Like You're Strong,db80e3d15af9b0ca,db80e3d15af9b0ca_tw3,mix_in,0:07-0:23,0.8221,0.2,,,
Joeski - Eats Everything - Fries With That- (Unmixed) - 05 Mind Body & Soul (Original Mix),ab0f9bb2f274ad0a,ab0f9bb2f274ad0a_tw1,mix_in,0:56-1:12,0.8416,0.2,,,
Joeski - Eats Everything - Fries With That- (Unmixed) - 05 Mind Body & Soul (Original Mix),ab0f9bb2f274ad0a,ab0f9bb2f274ad0a_tw2,bridge,4:03-4:19,0.8151,0.2,,,
Joeski - Eats Everything - Fries With That- (Unmixed) - 05 Mind Body & Soul (Original Mix),ab0f9bb2f274ad0a,ab0f9bb2f274ad0a_tw3,mix_in,1:58-2:14,0.8099,0.2,,,
Jorg Kuning - Mercedes (Original Mix),deb940c4a6052fed,deb940c4a6052fed_tw1,bridge,3:15-3:31,0.8191,0.2,,,
Jorg Kuning - Mercedes (Original Mix),deb940c4a6052fed,deb940c4a6052fed_tw2,mix_out,5:41-5:57,0.7346,0.2,,,
Jorg Kuning - Mercedes (Original Mix),deb940c4a6052fed,deb940c4a6052fed_tw3,bridge,3:39-3:55,0.7202,0.2,,,
Jose Nunez - Eats Everything - Fries With That- (Unmixed) - 25 Mama Love (Original Mix),9b443dd40567806f,9b443dd40567806f_tw1,mix_out,5:50-6:06,0.8222,0.2,,,
Jose Nunez - Eats Everything - Fries With That- (Unmixed) - 25 Mama Love (Original Mix),9b443dd40567806f,9b443dd40567806f_tw2,mix_in,1:23-1:39,0.8221,0.2,,,
Jose Nunez - Eats Everything - Fries With That- (Unmixed) - 25 Mama Love (Original Mix),9b443dd40567806f,9b443dd40567806f_tw3,mix_in,0:23-0:39,0.7713,0.2,,,
Josi Devil - No More (Original Mix),f08ba1505284f729,f08ba1505284f729_tw1,mix_in,1:23-1:39,0.9289,0.2,,,
Josi Devil - No More (Original Mix),f08ba1505284f729,f08ba1505284f729_tw2,bridge,3:19-3:35,0.8882,0.2,,,
Josi Devil - No More (Original Mix),f08ba1505284f729,f08ba1505284f729_tw3,mix_out,4:45-5:01,0.8009,0.2,,,
Josi Devil - Restless Sleep (Original Mix),9de6eb5937802aa9,9de6eb5937802aa9_tw1,bridge,2:45-3:01,0.8858,0.2,,,
Josi Devil - Restless Sleep (Original Mix),9de6eb5937802aa9,9de6eb5937802aa9_tw2,mix_in,0:25-0:41,0.8257,0.2,,,
Josi Devil - Restless Sleep (Original Mix),9de6eb5937802aa9,9de6eb5937802aa9_tw3,bridge,1:40-1:56,0.7212,0.2,,,
Jump - Eats Everything - Fries With That- (Unmixed) - 19 Funkatarium,612e5265f77f3dd5,612e5265f77f3dd5_tw1,bridge,3:39-3:55,0.8247,0.2,,,
Jump - Eats Everything - Fries With That- (Unmixed) - 19 Funkatarium,612e5265f77f3dd5,612e5265f77f3dd5_tw2,bridge,2:37-2:53,0.7873,0.2,,,
Jump - Eats Everything - Fries With That- (Unmixed) - 19 Funkatarium,612e5265f77f3dd5,612e5265f77f3dd5_tw3,mix_out,6:26-6:42,0.7656,0.2,,,
KC Lights - SOL (Extended Mix),25782ae9fb75384d,25782ae9fb75384d_tw1,bridge,2:57-3:13,0.9232,0.2,,,
KC Lights - SOL (Extended Mix),25782ae9fb75384d,25782ae9fb75384d_tw2,mix_out,4:44-5:00,0.912,0.2,,,
KC Lights - SOL (Extended Mix),25782ae9fb75384d,25782ae9fb75384d_tw3,bridge,3:13-3:29,0.8749,0.2,,,
"Kettama, Fred again.., SICARIA, Shady Nasty, Lou Nour - HARDSTYLE 2 (Lou Nour remix)",3ba9575fff775149,3ba9575fff775149_tw1,mix_in,0:20-0:36,0.9097,0.2,,,
"Kettama, Fred again.., SICARIA, Shady Nasty, Lou Nour - HARDSTYLE 2 (Lou Nour remix)",3ba9575fff775149,3ba9575fff775149_tw2,bridge,1:15-1:31,0.8508,0.2,,,
"Kettama, Fred again.., SICARIA, Shady Nasty, Lou Nour - HARDSTYLE 2 (Lou Nour remix)",3ba9575fff775149,3ba9575fff775149_tw3,bridge,1:44-2:00,0.8097,0.2,,,
"Kettama, Fred again.., Shady Nasty - HARDSTYLE 2 (Original Mix)",57343231accc2778,57343231accc2778_tw1,bridge,2:23-2:39,0.8728,0.2,,,
"Kettama, Fred again.., Shady Nasty - HARDSTYLE 2 (Original Mix)",57343231accc2778,57343231accc2778_tw2,mix_out,3:31-3:47,0.859,0.2,,,
"Kettama, Fred again.., Shady Nasty - HARDSTYLE 2 (Original Mix)",57343231accc2778,57343231accc2778_tw3,bridge,2:50-3:06,0.8395,0.2,,,
Kingpin Cartel - Eats Everything - Fries With That- (Unmixed) - 15 Ghetto (Original Mix),8ef8e88cdd29e91b,8ef8e88cdd29e91b_tw1,mix_out,5:31-5:47,0.9286,0.2,,,
Kingpin Cartel - Eats Everything - Fries With That- (Unmixed) - 15 Ghetto (Original Mix),8ef8e88cdd29e91b,8ef8e88cdd29e91b_tw2,bridge,2:50-3:06,0.8248,0.2,,,
Kingpin Cartel - Eats Everything - Fries With That- (Unmixed) - 15 Ghetto (Original Mix),8ef8e88cdd29e91b,8ef8e88cdd29e91b_tw3,mix_out,4:16-4:32,0.7159,0.2,,,
Korda - Eats Everything - Fries With That- (Unmixed) - 16 Move Your Body (To The Sound),80535776ec552d6f,80535776ec552d6f_tw1,mix_in,0:24-0:40,0.9106,0.2,,,
Korda - Eats Everything - Fries With That- (Unmixed) - 16 Move Your Body (To The Sound),80535776ec552d6f,80535776ec552d6f_tw2,mix_out,5:10-5:20,0.838,0.2,,,
Korda - Eats Everything - Fries With That- (Unmixed) - 16 Move Your Body (To The Sound),80535776ec552d6f,80535776ec552d6f_tw3,bridge,2:18-2:34,0.7803,0.2,,,
LEVOS - Focus,f481bebf7535c8f7,f481bebf7535c8f7_tw1,bridge,4:01-4:17,0.8899,0.2,,,
LEVOS - Focus,f481bebf7535c8f7,f481bebf7535c8f7_tw2,bridge,3:24-3:40,0.8325,0.2,,,
LEVOS - Focus,f481bebf7535c8f7,f481bebf7535c8f7_tw3,mix_out,5:55-6:11,0.813,0.2,,,
"Lee Foss, paskman - Tuko Tuko (Original Mix)",646ab0154b86f1a0,646ab0154b86f1a0_tw1,mix_in,0:38-0:54,0.9146,0.2,,,
"Lee Foss, paskman - Tuko Tuko (Original Mix)",646ab0154b86f1a0,646ab0154b86f1a0_tw2,bridge,3:57-4:13,0.8858,0.2,,,
"Lee Foss, paskman - Tuko Tuko (Original Mix)",646ab0154b86f1a0,646ab0154b86f1a0_tw3,mix_out,5:13-5:29,0.8832,0.2,,,
MPH - Raw (Extended Mix),bc3463acedb7aecc,bc3463acedb7aecc_tw1,mix_in,0:23-0:39,0.9048,0.2,,,
MPH - Raw (Extended Mix),bc3463acedb7aecc,bc3463acedb7aecc_tw2,bridge,2:20-2:36,0.8829,0.2,,,
MPH - Raw (Extended Mix),bc3463acedb7aecc,bc3463acedb7aecc_tw3,mix_out,3:46-3:59,0.7867,0.2,,,
MPH - Until The Morning (Extended Mix),7f2b5d0401d7bf34,7f2b5d0401d7bf34_tw1,mix_in,0:21-0:37,0.8408,0.2,,,
MPH - Until The Morning (Extended Mix),7f2b5d0401d7bf34,7f2b5d0401d7bf34_tw2,bridge,1:18-1:34,0.7806,0.2,,,
MPH - Until The Morning (Extended Mix),7f2b5d0401d7bf34,7f2b5d0401d7bf34_tw3,mix_out,2:45-3:01,0.7752,0.2,,,
"Mala, Magugu - Militant Don (Vocal)",48c18f8c79fc588e,48c18f8c79fc588e_tw1,mix_in,0:06-0:22,0.9575,0.2,,,
"Mala, Magugu - Militant Don (Vocal)",48c18f8c79fc588e,48c18f8c79fc588e_tw2,mix_out,1:42-1:58,0.8081,0.2,,,
"Mala, Magugu - Militant Don (Vocal)",48c18f8c79fc588e,48c18f8c79fc588e_tw3,bridge,1:01-1:17,0.6615,0.2,,,
Mambo - Eats Everything - Fries With That- (Unmixed) - 26 Do You Want Me (Mudmens Dirty Mix),18dad16a0e460cd9,18dad16a0e460cd9_tw1,mix_out,6:20-6:36,0.9099,0.2,,,
Mambo - Eats Everything - Fries With That- (Unmixed) - 26 Do You Want Me (Mudmens Dirty Mix),18dad16a0e460cd9,18dad16a0e460cd9_tw2,bridge,2:38-2:54,0.8758,0.2,,,
Mambo - Eats Everything - Fries With That- (Unmixed) - 26 Do You Want Me (Mudmens Dirty Mix),18dad16a0e460cd9,18dad16a0e460cd9_tw3,mix_in,1:09-1:25,0.8315,0.2,,,
Marco Strous - In the Park (Extended Mix),fed70adc46593310,fed70adc46593310_tw1,mix_in,0:21-0:37,0.9274,0.2,,,
Marco Strous - In the Park (Extended Mix),fed70adc46593310,fed70adc46593310_tw2,bridge,1:49-2:05,0.8377,0.2,,,
Marco Strous - In the Park (Extended Mix),fed70adc46593310,fed70adc46593310_tw3,mix_out,3:32-3:48,0.8145,0.2,,,
Mercy System - If I Were You (Original Mix),8cca38ec6bf201a7,8cca38ec6bf201a7_tw1,bridge,2:44-3:00,0.8163,0.2,,,
Mercy System - If I Were You (Original Mix),8cca38ec6bf201a7,8cca38ec6bf201a7_tw2,mix_in,0:04-0:20,0.7767,0.2,,,
Mercy System - If I Were You (Original Mix),8cca38ec6bf201a7,8cca38ec6bf201a7_tw3,mix_out,3:40-3:56,0.7597,0.2,,,
Mercy System - Steppers Arc (Original Mix),53726259f984e5e3,53726259f984e5e3_tw1,bridge,3:17-3:33,0.8904,0.2,,,
Mercy System - Steppers Arc (Original Mix),53726259f984e5e3,53726259f984e5e3_tw2,mix_in,0:38-0:54,0.8517,0.2,,,
Mercy System - Steppers Arc (Original Mix),53726259f984e5e3,53726259f984e5e3_tw3,mix_in,0:22-0:38,0.8234,0.2,,,
Morpei - Without Your Love (Original Mix),931d69e6d08baacf,931d69e6d08baacf_tw1,bridge,4:20-4:36,0.9267,0.2,,,
Morpei - Without Your Love (Original Mix),931d69e6d08baacf,931d69e6d08baacf_tw2,mix_in,0:37-0:53,0.8958,0.2,,,
Morpei - Without Your Love (Original Mix),931d69e6d08baacf,931d69e6d08baacf_tw3,bridge,2:20-2:36,0.7982,0.2,,,
Mr. G - Eats Everything - Fries With That- (Unmixed) - 12 Mangos In Season (Original Mix),964d5a6ac21b496a,964d5a6ac21b496a_tw1,mix_in,0:00-0:11,0.8477,0.2,,,
Mr. G - Eats Everything - Fries With That- (Unmixed) - 12 Mangos In Season (Original Mix),964d5a6ac21b496a,964d5a6ac21b496a_tw2,mix_out,4:58-5:14,0.8099,0.2,,,
Mr. G - Eats Everything - Fries With That- (Unmixed) - 12 Mangos In Season (Original Mix),964d5a6ac21b496a,964d5a6ac21b496a_tw3,mix_in,0:54-1:10,0.7969,0.2,,,
Muskila - YARAO (Original Mix),e3b089eb3589fe94,e3b089eb3589fe94_tw1,bridge,1:27-1:43,0.8112,0.2,,,
Muskila - YARAO (Original Mix),e3b089eb3589fe94,e3b089eb3589fe94_tw2,mix_out,3:49-4:05,0.7628,0.2,,,
Muskila - YARAO (Original Mix),e3b089eb3589fe94,e3b089eb3589fe94_tw3,mix_in,0:00-0:12,0.7449,0.2,,,
NIGHT manoeuvres - Resurge (Extended),5d1137f04b8c5322,5d1137f04b8c5322_tw1,bridge,1:46-2:02,0.8907,0.2,,,
NIGHT manoeuvres - Resurge (Extended),5d1137f04b8c5322,5d1137f04b8c5322_tw2,bridge,2:06-2:22,0.8308,0.2,,,
NIGHT manoeuvres - Resurge (Extended),5d1137f04b8c5322,5d1137f04b8c5322_tw3,bridge,2:56-3:12,0.7925,0.2,,,
Neville Watson - Eats Everything - Fries With That- (Unmixed) - 01 Red Light Fever (Original Mix),940faa7411f630db,940faa7411f630db_tw1,mix_in,0:00-0:10,0.7774,0.2,,,
Neville Watson - Eats Everything - Fries With That- (Unmixed) - 01 Red Light Fever (Original Mix),940faa7411f630db,940faa7411f630db_tw2,mix_out,5:46-6:02,0.7527,0.2,,,
Neville Watson - Eats Everything - Fries With That- (Unmixed) - 01 Red Light Fever (Original Mix),940faa7411f630db,940faa7411f630db_tw3,mix_in,0:14-0:30,0.7371,0.2,,,
Nikola Gala - Eats Everything - Fries With That- (Unmixed) - 08 The Phunk (Original Mix),ba8beee6c3a4b7c8,ba8beee6c3a4b7c8_tw1,mix_in,3:30-3:46,0.8819,0.2,,,
Nikola Gala - Eats Everything - Fries With That- (Unmixed) - 08 The Phunk (Original Mix),ba8beee6c3a4b7c8,ba8beee6c3a4b7c8_tw2,bridge,7:19-7:35,0.7936,0.2,,,
Nikola Gala - Eats Everything - Fries With That- (Unmixed) - 08 The Phunk (Original Mix),ba8beee6c3a4b7c8,ba8beee6c3a4b7c8_tw3,bridge,3:58-4:14,0.7738,0.2,,,
O'Flynn - Kola,624359df953597f4,624359df953597f4_tw1,mix_in,0:00-0:10,0.9221,0.2,,,
O'Flynn - Kola,624359df953597f4,624359df953597f4_tw2,mix_out,2:22-2:38,0.822,0.2,,,
O'Flynn - Kola,624359df953597f4,624359df953597f4_tw3,bridge,1:49-2:05,0.8217,0.2,,,
O'Flynn - Medjool,a2e9371e46357a7f,a2e9371e46357a7f_tw1,mix_in,0:09-0:25,0.8376,0.2,,,
O'Flynn - Medjool,a2e9371e46357a7f,a2e9371e46357a7f_tw2,mix_in,0:55-1:11,0.8004,0.2,,,
O'Flynn - Medjool,a2e9371e46357a7f,a2e9371e46357a7f_tw3,bridge,1:38-1:54,0.7711,0.2,,,
O'Flynn - Sekete (ft. Swordman Kitala),40eca9dcf341a19c,40eca9dcf341a19c_tw1,bridge,1:49-2:05,0.9241,0.2,,,
O'Flynn - Sekete (ft. Swordman Kitala),40eca9dcf341a19c,40eca9dcf341a19c_tw2,mix_in,0:00-0:09,0.86,0.2,,,
O'Flynn - Sekete (ft. Swordman Kitala),40eca9dcf341a19c,40eca9dcf341a19c_tw3,mix_out,2:45-3:01,0.854,0.2,,,
O_Flynn - Srekye (Extended Mix),85d8116989ea2f32,85d8116989ea2f32_tw1,bridge,2:04-2:20,0.8947,0.2,,,
O_Flynn - Srekye (Extended Mix),85d8116989ea2f32,85d8116989ea2f32_tw2,mix_in,0:37-0:53,0.8806,0.2,,,
O_Flynn - Srekye (Extended Mix),85d8116989ea2f32,85d8116989ea2f32_tw3,mix_out,3:18-3:34,0.8678,0.2,,,
Odd Language - Glory (Original Mix),2c8a47f5082f7c66,2c8a47f5082f7c66_tw1,bridge,1:29-1:45,0.7884,0.2,,,
Odd Language - Glory (Original Mix),2c8a47f5082f7c66,2c8a47f5082f7c66_tw2,mix_out,1:57-2:13,0.7411,0.2,,,
Odd Language - Glory (Original Mix),2c8a47f5082f7c66,2c8a47f5082f7c66_tw3,mix_in,0:29-0:45,0.7099,0.2,,,
"Olof Dreijer, Diva Cruz - Acuyuye (Original Mix)",27ab0b36bb191ca1,27ab0b36bb191ca1_tw1,mix_out,4:09-4:25,0.7622,0.2,,,
"Olof Dreijer, Diva Cruz - Acuyuye (Original Mix)",27ab0b36bb191ca1,27ab0b36bb191ca1_tw2,mix_in,0:37-0:53,0.7073,0.2,,,
"Olof Dreijer, Diva Cruz - Acuyuye (Original Mix)",27ab0b36bb191ca1,27ab0b36bb191ca1_tw3,mix_in,0:00-0:13,0.6517,0.2,,,
Oscar Farrell - Burning From -with Goya Gumbani-,efa720dc4e9d2d5a,efa720dc4e9d2d5a_tw1,bridge,2:13-2:29,0.8272,0.2,,,
Oscar Farrell - Burning From -with Goya Gumbani-,efa720dc4e9d2d5a,efa720dc4e9d2d5a_tw2,mix_out,3:38-3:54,0.8126,0.2,,,
Oscar Farrell - Burning From -with Goya Gumbani-,efa720dc4e9d2d5a,efa720dc4e9d2d5a_tw3,bridge,1:45-2:01,0.7898,0.2,,,
"Oscar Farrell, Mount XLR - Mod Break (Original Mix)",4056c8ee53cfb090,4056c8ee53cfb090_tw1,mix_in,1:34-1:50,0.9127,0.2,,,
"Oscar Farrell, Mount XLR - Mod Break (Original Mix)",4056c8ee53cfb090,4056c8ee53cfb090_tw2,bridge,3:30-3:46,0.9088,0.2,,,
"Oscar Farrell, Mount XLR - Mod Break (Original Mix)",4056c8ee53cfb090,4056c8ee53cfb090_tw3,bridge,3:02-3:18,0.8578,0.2,,,
Oushe - Eats Everything - Fries With That- (Unmixed) - 09 Daveena (Original Mix),db1929d025c362cb,db1929d025c362cb_tw1,bridge,2:56-3:12,0.8765,0.2,,,
Oushe - Eats Everything - Fries With That- (Unmixed) - 09 Daveena (Original Mix),db1929d025c362cb,db1929d025c362cb_tw2,mix_out,6:00-6:16,0.8534,0.2,,,
Oushe - Eats Everything - Fries With That- (Unmixed) - 09 Daveena (Original Mix),db1929d025c362cb,db1929d025c362cb_tw3,mix_out,6:18-6:34,0.8321,0.2,,,
Overmono - Lockup,99eb2f2299b886ba,99eb2f2299b886ba_tw1,bridge,2:37-2:53,0.838,0.2,,,
Overmono - Lockup,99eb2f2299b886ba,99eb2f2299b886ba_tw2,mix_out,3:07-3:23,0.8332,0.2,,,
Overmono - Lockup,99eb2f2299b886ba,99eb2f2299b886ba_tw3,mix_in,0:09-0:25,0.8075,0.2,,,
"Paul C, Manuel De La Mare, BAPP - Angra (Extended Mix)",1c3f6ec707aaea96,1c3f6ec707aaea96_tw1,mix_in,0:37-0:53,0.943,0.2,,,
"Paul C, Manuel De La Mare, BAPP - Angra (Extended Mix)",1c3f6ec707aaea96,1c3f6ec707aaea96_tw2,mix_out,4:04-4:20,0.9324,0.2,,,
"Paul C, Manuel De La Mare, BAPP - Angra (Extended Mix)",1c3f6ec707aaea96,1c3f6ec707aaea96_tw3,bridge,3:20-3:36,0.8814,0.2,,,
Peach Discs - moodii - Topcat Cinema,adc1f7242f62c093,adc1f7242f62c093_tw1,bridge,2:29-2:45,0.8922,0.2,,,
Peach Discs - moodii - Topcat Cinema,adc1f7242f62c093,adc1f7242f62c093_tw2,bridge,3:57-4:13,0.7746,0.2,,,
Peach Discs - moodii - Topcat Cinema,adc1f7242f62c093,adc1f7242f62c093_tw3,mix_out,4:37-4:53,0.7408,0.2,,,
"Pete Tong, AVG (IT) - Places & Spaces (Original Mix)",1aec4070460ed8d1,1aec4070460ed8d1_tw1,bridge,4:35-4:51,0.929,0.2,,,
"Pete Tong, AVG (IT) - Places & Spaces (Original Mix)",1aec4070460ed8d1,1aec4070460ed8d1_tw2,mix_in,2:29-2:45,0.8647,0.2,,,
"Pete Tong, AVG (IT) - Places & Spaces (Original Mix)",1aec4070460ed8d1,1aec4070460ed8d1_tw3,mix_out,7:42-7:58,0.8366,0.2,,,
"Pinky Ann Rihal, Turbotito, Ragz - Party Tonight (Rework) - 01 Party Tonight (Turbotito & Ragz Rework)",7b24d36e9e2b147c,7b24d36e9e2b147c_tw1,mix_in,0:09-0:25,0.8177,0.2,,,
"Pinky Ann Rihal, Turbotito, Ragz - Party Tonight (Rework) - 01 Party Tonight (Turbotito & Ragz Rework)",7b24d36e9e2b147c,7b24d36e9e2b147c_tw2,mix_out,4:13-4:29,0.7029,0.2,,,
"Pinky Ann Rihal, Turbotito, Ragz - Party Tonight (Rework) - 01 Party Tonight (Turbotito & Ragz Rework)",7b24d36e9e2b147c,7b24d36e9e2b147c_tw3,mix_out,3:57-4:13,0.6869,0.2,,,
Ploy - When In Room (Original Mix),9db13da2e56636c3,9db13da2e56636c3_tw1,bridge,4:27-4:43,0.897,0.2,,,
Ploy - When In Room (Original Mix),9db13da2e56636c3,9db13da2e56636c3_tw2,mix_in,0:23-0:39,0.8307,0.2,,,
Ploy - When In Room (Original Mix),9db13da2e56636c3,9db13da2e56636c3_tw3,bridge,3:57-4:13,0.8051,0.2,,,
Povoa - Hacked Lime (Original Mix),fea8b371ffd2adc5,fea8b371ffd2adc5_tw1,mix_in,0:08-0:24,0.9143,0.2,,,
Povoa - Hacked Lime (Original Mix),fea8b371ffd2adc5,fea8b371ffd2adc5_tw2,bridge,2:21-2:37,0.9095,0.2,,,
Povoa - Hacked Lime (Original Mix),fea8b371ffd2adc5,fea8b371ffd2adc5_tw3,bridge,2:51-3:07,0.8955,0.2,,,
Prozak - Shine (Original Mix),5e038d4395d0eef5,5e038d4395d0eef5_tw1,mix_out,2:38-2:54,0.8181,0.2,,,
Prozak - Shine (Original Mix),5e038d4395d0eef5,5e038d4395d0eef5_tw2,mix_in,0:45-1:01,0.8077,0.2,,,
Prozak - Shine (Original Mix),5e038d4395d0eef5,5e038d4395d0eef5_tw3,mix_out,3:27-3:43,0.7835,0.2,,,
Pugilist - Monument (Original Mix),8ab18f5f8a18b4e8,8ab18f5f8a18b4e8_tw1,mix_in,0:35-0:51,0.8615,0.2,,,
Pugilist - Monument (Original Mix),8ab18f5f8a18b4e8,8ab18f5f8a18b4e8_tw2,mix_in,0:06-0:22,0.8322,0.2,,,
Pugilist - Monument (Original Mix),8ab18f5f8a18b4e8,8ab18f5f8a18b4e8_tw3,mix_out,9:19-9:35,0.8071,0.2,,,
"RHR & Skrillex feat. Me Jesmay, Lucas Swatch - SYRINX",61bda80dcab3301a,61bda80dcab3301a_tw1,mix_in,0:00-0:11,0.8796,0.2,,,
"RHR & Skrillex feat. Me Jesmay, Lucas Swatch - SYRINX",61bda80dcab3301a,61bda80dcab3301a_tw2,mix_in,0:25-0:41,0.7732,0.2,,,
"RHR & Skrillex feat. Me Jesmay, Lucas Swatch - SYRINX",61bda80dcab3301a,61bda80dcab3301a_tw3,mix_out,2:15-2:27,0.747,0.2,,,
RHR - A2. RHR & LOGAN_OLM - DIAGONAL (Dub Mix),355bc390ba00e347,355bc390ba00e347_tw1,bridge,2:46-3:02,0.8593,0.2,,,
RHR - A2. RHR & LOGAN_OLM - DIAGONAL (Dub Mix),355bc390ba00e347,355bc390ba00e347_tw2,mix_in,0:58-1:14,0.7957,0.2,,,
RHR - A2. RHR & LOGAN_OLM - DIAGONAL (Dub Mix),355bc390ba00e347,355bc390ba00e347_tw3,mix_out,3:39-3:55,0.7683,0.2,,,
"Rafiki (IN), Squidworks - Steps (Original Mix)",fd0711e06aad713c,fd0711e06aad713c_tw1,mix_out,3:18-3:34,0.8185,0.2,,,
"Rafiki (IN), Squidworks - Steps (Original Mix)",fd0711e06aad713c,fd0711e06aad713c_tw2,mix_in,0:05-0:21,0.8027,0.2,,,
"Rafiki (IN), Squidworks - Steps (Original Mix)",fd0711e06aad713c,fd0711e06aad713c_tw3,mix_in,0:50-1:06,0.7594,0.2,,,
"Riko Dan, Tracey - Sex Life feat. Riko Dan (Original Mix)",327a552fbefca306,327a552fbefca306_tw1,mix_in,0:21-0:37,0.7916,0.2,,,
"Riko Dan, Tracey - Sex Life feat. Riko Dan (Original Mix)",327a552fbefca306,327a552fbefca306_tw2,mix_out,1:50-2:06,0.7829,0.2,,,
"Riko Dan, Tracey - Sex Life feat. Riko Dan (Original Mix)",327a552fbefca306,327a552fbefca306_tw3,mix_out,2:10-2:26,0.7382,0.2,,,
Roberto - Eats Everything - Fries With That- (Unmixed) - 13 First Principles (Original Mix),264b575d95061f9e,264b575d95061f9e_tw1,bridge,3:59-4:15,0.7839,0.2,,,
Roberto - Eats Everything - Fries With That- (Unmixed) - 13 First Principles (Original Mix),264b575d95061f9e,264b575d95061f9e_tw2,bridge,4:34-4:50,0.7837,0.2,,,
Roberto - Eats Everything - Fries With That- (Unmixed) - 13 First Principles (Original Mix),264b575d95061f9e,264b575d95061f9e_tw3,bridge,4:56-5:12,0.7425,0.2,,,
Robotman - Eats Everything - Fries With That- (Unmixed) - 22 Never (DBX Mix),f5fd0fe184e6d15d,f5fd0fe184e6d15d_tw1,mix_out,5:11-5:27,0.8533,0.2,,,
Robotman - Eats Everything - Fries With That- (Unmixed) - 22 Never (DBX Mix),f5fd0fe184e6d15d,f5fd0fe184e6d15d_tw2,mix_in,1:26-1:42,0.8361,0.2,,,
Robotman - Eats Everything - Fries With That- (Unmixed) - 22 Never (DBX Mix),f5fd0fe184e6d15d,f5fd0fe184e6d15d_tw3,mix_out,4:38-4:54,0.7606,0.2,,,
Rohaan - Got No _3 (Original Mix),76609e489f01f9de,76609e489f01f9de_tw1,mix_in,0:00-0:09,0.8601,0.2,,,
Rohaan - Got No _3 (Original Mix),76609e489f01f9de,76609e489f01f9de_tw2,mix_out,3:05-3:21,0.8145,0.2,,,
Rohaan - Got No _3 (Original Mix),76609e489f01f9de,76609e489f01f9de_tw3,bridge,1:30-1:46,0.7665,0.2,,,
Ross from Friends - Life In A Mind (Original Mix),ee79e0454d048f4d,ee79e0454d048f4d_tw1,mix_in,0:00-0:09,0.8733,0.2,,,
Ross from Friends - Life In A Mind (Original Mix),ee79e0454d048f4d,ee79e0454d048f4d_tw2,mix_in,0:21-0:37,0.8572,0.2,,,
Ross from Friends - Life In A Mind (Original Mix),ee79e0454d048f4d,ee79e0454d048f4d_tw3,mix_out,4:40-4:56,0.8155,0.2,,,
S.W.A.T. - Eats Everything - Fries With That- (Unmixed) - 03 Rites Of Passage (Original Mix),6be78253825c240a,6be78253825c240a_tw1,mix_in,1:39-1:55,0.8964,0.2,,,
S.W.A.T. - Eats Everything - Fries With That- (Unmixed) - 03 Rites Of Passage (Original Mix),6be78253825c240a,6be78253825c240a_tw2,mix_out,7:11-7:27,0.7902,0.2,,,
S.W.A.T. - Eats Everything - Fries With That- (Unmixed) - 03 Rites Of Passage (Original Mix),6be78253825c240a,6be78253825c240a_tw3,mix_in,2:03-2:19,0.727,0.2,,,
"SICARIA, Lou Nour - BE THE GLITCH (Original Mix)",90d280b33f127dbb,90d280b33f127dbb_tw1,bridge,1:44-2:00,0.8475,0.2,,,
"SICARIA, Lou Nour - BE THE GLITCH (Original Mix)",90d280b33f127dbb,90d280b33f127dbb_tw2,mix_in,0:34-0:50,0.8002,0.2,,,
"SICARIA, Lou Nour - BE THE GLITCH (Original Mix)",90d280b33f127dbb,90d280b33f127dbb_tw3,mix_out,2:10-2:26,0.692,0.2,,,
"SVDKO, JiLLi - OBSESSION (Original Mix)",9235cd1f84af4e94,9235cd1f84af4e94_tw1,mix_in,0:02-0:18,0.7882,0.2,,,
"SVDKO, JiLLi - OBSESSION (Original Mix)",9235cd1f84af4e94,9235cd1f84af4e94_tw2,mix_in,0:23-0:39,0.6729,0.2,,,
"SVDKO, JiLLi - OBSESSION (Original Mix)",9235cd1f84af4e94,9235cd1f84af4e94_tw3,mix_out,2:24-2:40,0.6432,0.2,,,
"Sammy Virji, Unknown T - Roads Roulette (Original Mix)",586f9cc80973e6af,586f9cc80973e6af_tw1,mix_in,0:00-0:12,0.8692,0.2,,,
"Sammy Virji, Unknown T - Roads Roulette (Original Mix)",586f9cc80973e6af,586f9cc80973e6af_tw2,mix_in,0:16-0:32,0.8041,0.2,,,
"Sammy Virji, Unknown T - Roads Roulette (Original Mix)",586f9cc80973e6af,586f9cc80973e6af_tw3,bridge,1:40-1:56,0.7913,0.2,,,
Silcrow - BELLOWS (Original Mix),16c930edaf25cf93,16c930edaf25cf93_tw1,bridge,2:17-2:33,0.8293,0.2,,,
Silcrow - BELLOWS (Original Mix),16c930edaf25cf93,16c930edaf25cf93_tw2,mix_in,0:18-0:34,0.8231,0.2,,,
Silcrow - BELLOWS (Original Mix),16c930edaf25cf93,16c930edaf25cf93_tw3,bridge,1:35-1:51,0.7788,0.2,,,
Silcrow - future·sight (Original Mix),f7001c530a14962e,f7001c530a14962e_tw1,mix_in,0:33-0:49,0.811,0.2,,,
Silcrow - future·sight (Original Mix),f7001c530a14962e,f7001c530a14962e_tw2,mix_in,0:00-0:09,0.8011,0.2,,,
Silcrow - future·sight (Original Mix),f7001c530a14962e,f7001c530a14962e_tw3,bridge,2:10-2:26,0.7843,0.2,,,
Sister Zo - Marusa Drum (Original Mix),47331382a8ea0b63,47331382a8ea0b63_tw1,mix_in,2:10-2:26,0.8308,0.2,,,
Sister Zo - Marusa Drum (Original Mix),47331382a8ea0b63,47331382a8ea0b63_tw2,mix_out,7:05-7:21,0.8046,0.2,,,
Sister Zo - Marusa Drum (Original Mix),47331382a8ea0b63,47331382a8ea0b63_tw3,bridge,3:57-4:13,0.7758,0.2,,,
"Skrillex, Ahadadream, Priya Ragu - TAKA (Caribou Remix)",98d59277e58f1409,98d59277e58f1409_tw1,bridge,2:13-2:29,0.8581,0.2,,,
"Skrillex, Ahadadream, Priya Ragu - TAKA (Caribou Remix)",98d59277e58f1409,98d59277e58f1409_tw2,mix_in,0:49-1:05,0.8116,0.2,,,
"Skrillex, Ahadadream, Priya Ragu - TAKA (Caribou Remix)",98d59277e58f1409,98d59277e58f1409_tw3,bridge,1:36-1:52,0.7481,0.2,,,
"Skrillex, Ahadadream, Priya Ragu - TAKA (PEEKABOO Remix)",d74cadaf31aebb3b,d74cadaf31aebb3b_tw1,bridge,1:01-1:17,0.8653,0.2,,,
"Skrillex, Ahadadream, Priya Ragu - TAKA (PEEKABOO Remix)",d74cadaf31aebb3b,d74cadaf31aebb3b_tw2,mix_in,0:32-0:48,0.82,0.2,,,
"Skrillex, Ahadadream, Priya Ragu - TAKA (PEEKABOO Remix)",d74cadaf31aebb3b,d74cadaf31aebb3b_tw3,bridge,1:55-2:11,0.786,0.2,,,
Stress - Eats Everything - Fries With That- (Unmixed) - 10 Stress (Original Mix),aeb3ade7658bd7d8,aeb3ade7658bd7d8_tw1,bridge,3:45-4:01,0.9362,0.2,,,
Stress - Eats Everything - Fries With That- (Unmixed) - 10 Stress (Original Mix),aeb3ade7658bd7d8,aeb3ade7658bd7d8_tw2,bridge,1:57-2:13,0.86,0.2,,,
Stress - Eats Everything - Fries With That- (Unmixed) - 10 Stress (Original Mix),aeb3ade7658bd7d8,aeb3ade7658bd7d8_tw3,mix_in,0:53-1:09,0.7964,0.2,,,
Surusinghe - BAD GIRLS,25cfe00a50aefd65,25cfe00a50aefd65_tw1,mix_in,1:08-1:24,0.8695,0.2,,,
Surusinghe - BAD GIRLS,25cfe00a50aefd65,25cfe00a50aefd65_tw2,mix_in,0:00-0:09,0.847,0.2,,,
Surusinghe - BAD GIRLS,25cfe00a50aefd65,25cfe00a50aefd65_tw3,mix_out,4:39-4:55,0.8155,0.2,,,
TMSV - Hangplant,47582a7274030690,47582a7274030690_tw1,mix_in,0:22-0:38,0.8351,0.2,,,
TMSV - Hangplant,47582a7274030690,47582a7274030690_tw2,bridge,2:17-2:33,0.8286,0.2,,,
TMSV - Hangplant,47582a7274030690,47582a7274030690_tw3,mix_in,0:00-0:09,0.7743,0.2,,,
"TSVI, Josi Devil - M.e.S (feat. TSVI) (feat. TSVI)",aaecfee7674ae3ed,aaecfee7674ae3ed_tw1,mix_in,0:33-0:49,0.894,0.2,,,
"TSVI, Josi Devil - M.e.S (feat. TSVI) (feat. TSVI)",aaecfee7674ae3ed,aaecfee7674ae3ed_tw2,bridge,1:54-2:10,0.8372,0.2,,,
"TSVI, Josi Devil - M.e.S (feat. TSVI) (feat. TSVI)",aaecfee7674ae3ed,aaecfee7674ae3ed_tw3,mix_in,0:56-1:12,0.7597,0.2,,,
The Creator Session - Eats Everything - Fries With That- (Unmixed) - 17 Body & Soul (Original MIx),da3eb276cc00a250,da3eb276cc00a250_tw1,mix_in,0:00-0:09,0.8949,0.2,,,
The Creator Session - Eats Everything - Fries With That- (Unmixed) - 17 Body & Soul (Original MIx),da3eb276cc00a250,da3eb276cc00a250_tw2,mix_in,1:26-1:42,0.8277,0.2,,,
The Creator Session - Eats Everything - Fries With That- (Unmixed) - 17 Body & Soul (Original MIx),da3eb276cc00a250,da3eb276cc00a250_tw3,mix_out,4:00-4:16,0.8111,0.2,,,
The Kick Junkie - Eats Everything - Fries With That- (Unmixed) - 20 Kick It In (Wicked Mix),763a12ea0a76ccf0,763a12ea0a76ccf0_tw1,mix_in,1:25-1:41,0.8082,0.2,,,
The Kick Junkie - Eats Everything - Fries With That- (Unmixed) - 20 Kick It In (Wicked Mix),763a12ea0a76ccf0,763a12ea0a76ccf0_tw2,bridge,2:26-2:42,0.7697,0.2,,,
The Kick Junkie - Eats Everything - Fries With That- (Unmixed) - 20 Kick It In (Wicked Mix),763a12ea0a76ccf0,763a12ea0a76ccf0_tw3,bridge,3:21-3:37,0.7542,0.2,,,
Throwing Snow - K9,d441b06042604641,d441b06042604641_tw1,bridge,1:41-1:57,0.8898,0.2,,,
Throwing Snow - K9,d441b06042604641,d441b06042604641_tw2,mix_in,0:15-0:31,0.8723,0.2,,,
Throwing Snow - K9,d441b06042604641,d441b06042604641_tw3,mix_out,4:06-4:22,0.7622,0.2,,,
Tiaro - Doing Something (feat. KRMA) (Original Mix),3d0f99b9263ff167,3d0f99b9263ff167_tw1,mix_in,0:00-0:10,0.8746,0.2,,,
Tiaro - Doing Something (feat. KRMA) (Original Mix),3d0f99b9263ff167,3d0f99b9263ff167_tw2,bridge,1:17-1:33,0.7906,0.2,,,
Tiaro - Doing Something (feat. KRMA) (Original Mix),3d0f99b9263ff167,3d0f99b9263ff167_tw3,mix_in,0:18-0:34,0.7383,0.2,,,
Timelapse - Unfold (Original Mix),095d1b149c6c71ff,095d1b149c6c71ff_tw1,bridge,3:29-3:45,0.9011,0.2,,,
Timelapse - Unfold (Original Mix),095d1b149c6c71ff,095d1b149c6c71ff_tw2,mix_in,1:25-1:41,0.8674,0.2,,,
Timelapse - Unfold (Original Mix),095d1b149c6c71ff,095d1b149c6c71ff_tw3,bridge,2:59-3:15,0.8141,0.2,,,
Tom VR - FUNCTION VIP,fab2eafc2be59485,fab2eafc2be59485_tw1,mix_out,4:26-4:42,0.8299,0.2,,,
Tom VR - FUNCTION VIP,fab2eafc2be59485,fab2eafc2be59485_tw2,bridge,3:18-3:34,0.8033,0.2,,,
Tom VR - FUNCTION VIP,fab2eafc2be59485,fab2eafc2be59485_tw3,mix_out,4:49-5:05,0.7752,0.2,,,
Tusqavna - Eats Everything - Fries With That- (Unmixed) - 07 We Don't Know You (Silicone Soul Remix),14a9f350099a3770,14a9f350099a3770_tw1,mix_out,8:15-8:31,0.8436,0.2,,,
Tusqavna - Eats Everything - Fries With That- (Unmixed) - 07 We Don't Know You (Silicone Soul Remix),14a9f350099a3770,14a9f350099a3770_tw2,mix_out,8:38-8:54,0.8174,0.2,,,
Tusqavna - Eats Everything - Fries With That- (Unmixed) - 07 We Don't Know You (Silicone Soul Remix),14a9f350099a3770,14a9f350099a3770_tw3,bridge,4:26-4:42,0.8126,0.2,,,
Underworld - Pearl's Girl (r18_for2026),983927e6c56cb365,983927e6c56cb365_tw1,mix_in,0:06-0:22,0.829,0.2,,,
Underworld - Pearl's Girl (r18_for2026),983927e6c56cb365,983927e6c56cb365_tw2,mix_out,4:15-4:31,0.7733,0.2,,,
Underworld - Pearl's Girl (r18_for2026),983927e6c56cb365,983927e6c56cb365_tw3,mix_in,1:13-1:29,0.7637,0.2,,,
Underworld - Two Months Off (Tim Green Remix),7e7887a2bd2d7639,7e7887a2bd2d7639_tw1,mix_in,0:00-0:09,0.9301,0.2,,,
Underworld - Two Months Off (Tim Green Remix),7e7887a2bd2d7639,7e7887a2bd2d7639_tw2,mix_out,10:44-11:00,0.9249,0.2,,,
Underworld - Two Months Off (Tim Green Remix),7e7887a2bd2d7639,7e7887a2bd2d7639_tw3,bridge,6:14-6:30,0.9122,0.2,,,
Vincent Caira - Real Eyes,ba2213e153300c38,ba2213e153300c38_tw1,mix_in,0:00-0:09,0.9325,0.2,,,
Vincent Caira - Real Eyes,ba2213e153300c38,ba2213e153300c38_tw2,mix_out,6:05-6:21,0.8943,0.2,,,
Vincent Caira - Real Eyes,ba2213e153300c38,ba2213e153300c38_tw3,mix_in,1:34-1:50,0.805,0.2,,,
"Waleed, Villager - Pig (Original Mix)",962866017893e29d,962866017893e29d_tw1,mix_out,2:18-2:34,0.8664,0.2,,,
"Waleed, Villager - Pig (Original Mix)",962866017893e29d,962866017893e29d_tw2,mix_in,0:13-0:29,0.7813,0.2,,,
"Waleed, Villager - Pig (Original Mix)",962866017893e29d,962866017893e29d_tw3,bridge,1:19-1:35,0.7018,0.2,,,
Warren Blake - The Race (Extended Mix),e321f36ecf5ded7e,e321f36ecf5ded7e_tw1,mix_in,0:00-0:09,0.9271,0.2,,,
Warren Blake - The Race (Extended Mix),e321f36ecf5ded7e,e321f36ecf5ded7e_tw2,mix_out,4:15-4:31,0.9088,0.2,,,
Warren Blake - The Race (Extended Mix),e321f36ecf5ded7e,e321f36ecf5ded7e_tw3,mix_in,0:51-1:07,0.9068,0.2,,,
"Wost, Entranas - Selvática (Pangaea Remix)",4062eec86159a9d4,4062eec86159a9d4_tw1,mix_in,0:48-1:04,0.7779,0.2,,,
"Wost, Entranas - Selvática (Pangaea Remix)",4062eec86159a9d4,4062eec86159a9d4_tw2,bridge,2:55-3:11,0.7753,0.2,,,
"Wost, Entranas - Selvática (Pangaea Remix)",4062eec86159a9d4,4062eec86159a9d4_tw3,mix_out,4:17-4:33,0.7254,0.2,,,
YAANO - Cicada (Original Mix),81f4a2b033cc8abf,81f4a2b033cc8abf_tw1,mix_in,0:35-0:51,0.83,0.2,,,
YAANO - Cicada (Original Mix),81f4a2b033cc8abf,81f4a2b033cc8abf_tw2,bridge,1:26-1:42,0.8158,0.2,,,
YAANO - Cicada (Original Mix),81f4a2b033cc8abf,81f4a2b033cc8abf_tw3,mix_out,2:54-3:10,0.8157,0.2,,,
altrice - bda creature,00c73766d3b2d65d,00c73766d3b2d65d_tw1,mix_out,4:28-4:44,0.9189,0.2,,,
altrice - bda creature,00c73766d3b2d65d,00c73766d3b2d65d_tw2,bridge,2:56-3:12,0.8271,0.2,,,
altrice - bda creature,00c73766d3b2d65d,00c73766d3b2d65d_tw3,mix_in,0:00-0:12,0.783,0.2,,,
borne - For A Minute - 01 For A Minute,38a467ae6b8f788f,38a467ae6b8f788f_tw1,mix_in,0:13-0:29,0.8126,0.2,,,
borne - For A Minute - 01 For A Minute,38a467ae6b8f788f,38a467ae6b8f788f_tw2,bridge,1:21-1:37,0.7825,0.2,,,
borne - For A Minute - 01 For A Minute,38a467ae6b8f788f,38a467ae6b8f788f_tw3,mix_out,2:28-2:44,0.7571,0.2,,,
