window_id,track_id,window_type,start_sec,end_sec,dj_rating,engine_candidate,reason_good,risk_notes
00809f86dbe56e4a_tw1,00809f86dbe56e4a,mix_in,10.0,26.0,,true,,
00809f86dbe56e4a_tw2,00809f86dbe56e4a,bridge,183.0,199.0,,true,,
00809f86dbe56e4a_tw3,00809f86dbe56e4a,bridge,96.0,112.0,,true,,
00c73766d3b2d65d_tw1,00c73766d3b2d65d,mix_out,268.0,284.0,,true,,
00c73766d3b2d65d_tw2,00c73766d3b2d65d,bridge,176.0,192.0,,true,,
00c73766d3b2d65d_tw3,00c73766d3b2d65d,mix_in,0.0,12.0,,true,,
02448280c5e367a9_tw1,02448280c5e367a9,bridge,210.0,226.0,,true,,
02448280c5e367a9_tw2,02448280c5e367a9,bridge,302.0,318.0,,true,,
02448280c5e367a9_tw3,02448280c5e367a9,bridge,321.0,337.0,,true,,
06987e170b8722e1_tw1,06987e170b8722e1,bridge,102.0,118.0,,true,,
06987e170b8722e1_tw2,06987e170b8722e1,mix_in,17.0,33.0,,true,,
06987e170b8722e1_tw3,06987e170b8722e1,mix_out,168.0,184.0,,true,,
095d1b149c6c71ff_tw1,095d1b149c6c71ff,bridge,209.0,225.0,,true,,
095d1b149c6c71ff_tw2,095d1b149c6c71ff,mix_in,85.0,101.0,,true,,
095d1b149c6c71ff_tw3,095d1b149c6c71ff,bridge,179.0,195.0,,true,,
0b6db038bbd47b93_tw1,0b6db038bbd47b93,mix_in,0.0,9.0,,true,,
0b6db038bbd47b93_tw2,0b6db038bbd47b93,bridge,157.0,173.0,,true,,
0b6db038bbd47b93_tw3,0b6db038bbd47b93,mix_in,20.0,36.0,,true,,
0baf390d03731f62_tw1,0baf390d03731f62,mix_in,38.0,54.0,,true,,
0baf390d03731f62_tw2,0baf390d03731f62,bridge,126.0,142.0,,true,,
0baf390d03731f62_tw3,0baf390d03731f62,bridge,99.0,115.0,,true,,
0d74f481c29d23c7_tw1,0d74f481c29d23c7,bridge,145.0,161.0,,true,,
0d74f481c29d23c7_tw2,0d74f481c29d23c7,mix_out,341.0,357.0,,true,,
0d74f481c29d23c7_tw3,0d74f481c29d23c7,mix_out,313.0,329.0,,true,,
14a9f350099a3770_tw1,14a9f350099a3770,mix_out,495.0,511.0,,true,,
14a9f350099a3770_tw2,14a9f350099a3770,mix_out,518.0,534.0,,true,,
14a9f350099a3770_tw3,14a9f350099a3770,bridge,266.0,282.0,,true,,
1614e51dbcad0e5c_tw1,1614e51dbcad0e5c,bridge,176.0,192.0,,true,,
1614e51dbcad0e5c_tw2,1614e51dbcad0e5c,mix_out,192.0,208.0,,true,,
1614e51dbcad0e5c_tw3,1614e51dbcad0e5c,mix_in,85.0,101.0,,true,,
164171f1b558d7a6_tw1,164171f1b558d7a6,bridge,163.0,179.0,,true,,
164171f1b558d7a6_tw2,164171f1b558d7a6,mix_in,35.0,51.0,,true,,
164171f1b558d7a6_tw3,164171f1b558d7a6,bridge,189.0,205.0,,true,,
16c930edaf25cf93_tw1,16c930edaf25cf93,bridge,137.0,153.0,,true,,
16c930edaf25cf93_tw2,16c930edaf25cf93,mix_in,18.0,34.0,,true,,
16c930edaf25cf93_tw3,16c930edaf25cf93,bridge,95.0,111.0,,true,,
18dad16a0e460cd9_tw1,18dad16a0e460cd9,mix_out,380.0,396.0,,true,,
18dad16a0e460cd9_tw2,18dad16a0e460cd9,bridge,158.0,174.0,,true,,
18dad16a0e460cd9_tw3,18dad16a0e460cd9,mix_in,69.0,85.0,,true,,
1aec4070460ed8d1_tw1,1aec4070460ed8d1,bridge,275.0,291.0,,true,,
1aec4070460ed8d1_tw2,1aec4070460ed8d1,mix_in,149.0,165.0,,true,,
1aec4070460ed8d1_tw3,1aec4070460ed8d1,mix_out,462.0,478.0,,true,,
1bab7610136f7d84_tw1,1bab7610136f7d84,mix_out,240.0,256.0,,true,,
1bab7610136f7d84_tw2,1bab7610136f7d84,mix_in,20.0,36.0,,true,,
1bab7610136f7d84_tw3,1bab7610136f7d84,bridge,143.0,159.0,,true,,
1c3f6ec707aaea96_tw1,1c3f6ec707aaea96,mix_in,37.0,53.0,,true,,
1c3f6ec707aaea96_tw2,1c3f6ec707aaea96,mix_out,244.0,260.0,,true,,
1c3f6ec707aaea96_tw3,1c3f6ec707aaea96,bridge,200.0,216.0,,true,,
1cf8d2e2dd56e261_tw1,1cf8d2e2dd56e261,mix_in,0.0,11.0,,true,,
1cf8d2e2dd56e261_tw2,1cf8d2e2dd56e261,mix_out,157.0,173.0,,true,,
1cf8d2e2dd56e261_tw3,1cf8d2e2dd56e261,bridge,89.0,105.0,,true,,
21d744964a6774f3_tw1,21d744964a6774f3,mix_in,131.0,147.0,,true,,
21d744964a6774f3_tw2,21d744964a6774f3,mix_in,53.0,69.0,,true,,
21d744964a6774f3_tw3,21d744964a6774f3,bridge,270.0,286.0,,true,,
25782ae9fb75384d_tw1,25782ae9fb75384d,bridge,177.0,193.0,,true,,
25782ae9fb75384d_tw2,25782ae9fb75384d,mix_out,284.0,300.0,,true,,
25782ae9fb75384d_tw3,25782ae9fb75384d,bridge,193.0,209.0,,true,,
25cfe00a50aefd65_tw1,25cfe00a50aefd65,mix_in,68.0,84.0,,true,,
25cfe00a50aefd65_tw2,25cfe00a50aefd65,mix_in,0.0,9.0,,true,,
25cfe00a50aefd65_tw3,25cfe00a50aefd65,mix_out,279.0,295.0,,true,,
264b575d95061f9e_tw1,264b575d95061f9e,bridge,239.0,255.0,,true,,
264b575d95061f9e_tw2,264b575d95061f9e,bridge,274.0,290.0,,true,,
264b575d95061f9e_tw3,264b575d95061f9e,bridge,296.0,312.0,,true,,
27ab0b36bb191ca1_tw1,27ab0b36bb191ca1,mix_out,249.0,265.0,,true,,
27ab0b36bb191ca1_tw2,27ab0b36bb191ca1,mix_in,37.0,53.0,,true,,
27ab0b36bb191ca1_tw3,27ab0b36bb191ca1,mix_in,0.0,13.0,,true,,
287369d05fb2027c_tw1,287369d05fb2027c,mix_out,238.0,254.0,,true,,
287369d05fb2027c_tw2,287369d05fb2027c,bridge,85.0,101.0,,true,,
287369d05fb2027c_tw3,287369d05fb2027c,mix_out,267.0,276.0,,true,,
2c8a47f5082f7c66_tw1,2c8a47f5082f7c66,bridge,89.0,105.0,,true,,
2c8a47f5082f7c66_tw2,2c8a47f5082f7c66,mix_out,117.0,133.0,,true,,
2c8a47f5082f7c66_tw3,2c8a47f5082f7c66,mix_in,29.0,45.0,,true,,
2fa9de8027e4a382_tw1,2fa9de8027e4a382,mix_in,33.0,49.0,,true,,
2fa9de8027e4a382_tw2,2fa9de8027e4a382,bridge,129.0,145.0,,true,,
2fa9de8027e4a382_tw3,2fa9de8027e4a382,mix_in,6.0,22.0,,true,,
2fffae9d1d113823_tw1,2fffae9d1d113823,mix_out,179.0,195.0,,true,,
2fffae9d1d113823_tw2,2fffae9d1d113823,bridge,93.0,109.0,,true,,
2fffae9d1d113823_tw3,2fffae9d1d113823,mix_in,4.0,20.0,,true,,
327a552fbefca306_tw1,327a552fbefca306,mix_in,21.0,37.0,,true,,
327a552fbefca306_tw2,327a552fbefca306,mix_out,110.0,126.0,,true,,
327a552fbefca306_tw3,327a552fbefca306,mix_out,130.0,146.0,,true,,
355bc390ba00e347_tw1,355bc390ba00e347,bridge,166.0,182.0,,true,,
355bc390ba00e347_tw2,355bc390ba00e347,mix_in,58.0,74.0,,true,,
355bc390ba00e347_tw3,355bc390ba00e347,mix_out,219.0,235.0,,true,,
35d013fde0ded7f3_tw1,35d013fde0ded7f3,mix_in,0.0,10.0,,true,,
35d013fde0ded7f3_tw2,35d013fde0ded7f3,bridge,85.0,101.0,,true,,
35d013fde0ded7f3_tw3,35d013fde0ded7f3,mix_out,238.0,252.0,,true,,
36cae2ae1404c8bc_tw1,36cae2ae1404c8bc,bridge,89.0,105.0,,true,,
36cae2ae1404c8bc_tw2,36cae2ae1404c8bc,mix_out,131.0,147.0,,true,,
36cae2ae1404c8bc_tw3,36cae2ae1404c8bc,bridge,68.0,84.0,,true,,
37096dfd26be7a8a_tw1,37096dfd26be7a8a,bridge,118.0,134.0,,true,,
37096dfd26be7a8a_tw2,37096dfd26be7a8a,mix_out,219.0,235.0,,true,,
37096dfd26be7a8a_tw3,37096dfd26be7a8a,mix_in,0.0,12.0,,true,,
38a467ae6b8f788f_tw1,38a467ae6b8f788f,mix_in,13.0,29.0,,true,,
38a467ae6b8f788f_tw2,38a467ae6b8f788f,bridge,81.0,97.0,,true,,
38a467ae6b8f788f_tw3,38a467ae6b8f788f,mix_out,148.0,164.0,,true,,
392736d37a8a005c_tw1,392736d37a8a005c,mix_in,38.0,54.0,,true,,
392736d37a8a005c_tw2,392736d37a8a005c,bridge,97.0,113.0,,true,,
392736d37a8a005c_tw3,392736d37a8a005c,mix_in,0.0,10.0,,true,,
3ba9575fff775149_tw1,3ba9575fff775149,mix_in,20.0,36.0,,true,,
3ba9575fff775149_tw2,3ba9575fff775149,bridge,75.0,91.0,,true,,
3ba9575fff775149_tw3,3ba9575fff775149,bridge,104.0,120.0,,true,,
3d0f99b9263ff167_tw1,3d0f99b9263ff167,mix_in,0.0,10.0,,true,,
3d0f99b9263ff167_tw2,3d0f99b9263ff167,bridge,77.0,93.0,,true,,
3d0f99b9263ff167_tw3,3d0f99b9263ff167,mix_in,18.0,34.0,,true,,
3d611156fd542249_tw1,3d611156fd542249,mix_out,280.0,296.0,,true,,
3d611156fd542249_tw2,3d611156fd542249,mix_in,122.0,138.0,,true,,
3d611156fd542249_tw3,3d611156fd542249,mix_out,406.0,422.0,,true,,
3e6208672e0485b5_tw1,3e6208672e0485b5,bridge,140.0,156.0,,true,,
3e6208672e0485b5_tw2,3e6208672e0485b5,mix_in,0.0,9.0,,true,,
3e6208672e0485b5_tw3,3e6208672e0485b5,mix_out,230.0,246.0,,true,,
4056c8ee53cfb090_tw1,4056c8ee53cfb090,mix_in,94.0,110.0,,true,,
4056c8ee53cfb090_tw2,4056c8ee53cfb090,bridge,210.0,226.0,,true,,
4056c8ee53cfb090_tw3,4056c8ee53cfb090,bridge,182.0,198.0,,true,,
4062eec86159a9d4_tw1,4062eec86159a9d4,mix_in,48.0,64.0,,true,,
4062eec86159a9d4_tw2,4062eec86159a9d4,bridge,175.0,191.0,,true,,
4062eec86159a9d4_tw3,4062eec86159a9d4,mix_out,257.0,273.0,,true,,
40eca9dcf341a19c_tw1,40eca9dcf341a19c,bridge,109.0,125.0,,true,,
40eca9dcf341a19c_tw2,40eca9dcf341a19c,mix_in,0.0,9.0,,true,,
40eca9dcf341a19c_tw3,40eca9dcf341a19c,mix_out,165.0,181.0,,true,,
44c127693d639e78_tw1,44c127693d639e78,bridge,116.0,132.0,,true,,
44c127693d639e78_tw2,44c127693d639e78,mix_in,34.0,50.0,,true,,
44c127693d639e78_tw3,44c127693d639e78,bridge,89.0,105.0,,true,,
47331382a8ea0b63_tw1,47331382a8ea0b63,mix_in,130.0,146.0,,true,,
47331382a8ea0b63_tw2,47331382a8ea0b63,mix_out,425.0,441.0,,true,,
47331382a8ea0b63_tw3,47331382a8ea0b63,bridge,237.0,253.0,,true,,
47582a7274030690_tw1,47582a7274030690,mix_in,22.0,38.0,,true,,
47582a7274030690_tw2,47582a7274030690,bridge,137.0,153.0,,true,,
47582a7274030690_tw3,47582a7274030690,mix_in,0.0,9.0,,true,,
48c18f8c79fc588e_tw1,48c18f8c79fc588e,mix_in,6.0,22.0,,true,,
48c18f8c79fc588e_tw2,48c18f8c79fc588e,mix_out,102.0,118.0,,true,,
48c18f8c79fc588e_tw3,48c18f8c79fc588e,bridge,61.0,77.0,,true,,
4f0008ba9513c887_tw1,4f0008ba9513c887,mix_in,0.0,9.0,,true,,
4f0008ba9513c887_tw2,4f0008ba9513c887,bridge,75.0,91.0,,true,,
4f0008ba9513c887_tw3,4f0008ba9513c887,bridge,130.0,146.0,,true,,
53726259f984e5e3_tw1,53726259f984e5e3,bridge,197.0,213.0,,true,,
53726259f984e5e3_tw2,53726259f984e5e3,mix_in,38.0,54.0,,true,,
53726259f984e5e3_tw3,53726259f984e5e3,mix_in,22.0,38.0,,true,,
53fbcbdbf4e05d8d_tw1,53fbcbdbf4e05d8d,bridge,65.0,81.0,,true,,
53fbcbdbf4e05d8d_tw2,53fbcbdbf4e05d8d,bridge,94.0,110.0,,true,,
53fbcbdbf4e05d8d_tw3,53fbcbdbf4e05d8d,mix_in,0.0,11.0,,true,,
57343231accc2778_tw1,57343231accc2778,bridge,143.0,159.0,,true,,
57343231accc2778_tw2,57343231accc2778,mix_out,211.0,227.0,,true,,
57343231accc2778_tw3,57343231accc2778,bridge,170.0,186.0,,true,,
57cd3e8df4537914_tw1,57cd3e8df4537914,mix_in,20.0,36.0,,true,,
57cd3e8df4537914_tw2,57cd3e8df4537914,mix_in,48.0,64.0,,true,,
57cd3e8df4537914_tw3,57cd3e8df4537914,bridge,130.0,146.0,,true,,
586f9cc80973e6af_tw1,586f9cc80973e6af,mix_in,0.0,12.0,,true,,
586f9cc80973e6af_tw2,586f9cc80973e6af,mix_in,16.0,32.0,,true,,
586f9cc80973e6af_tw3,586f9cc80973e6af,bridge,100.0,116.0,,true,,
5a21dd5e5816f3c0_tw1,5a21dd5e5816f3c0,bridge,165.0,181.0,,true,,
5a21dd5e5816f3c0_tw2,5a21dd5e5816f3c0,bridge,306.0,322.0,,true,,
5a21dd5e5816f3c0_tw3,5a21dd5e5816f3c0,mix_in,8.0,24.0,,true,,
5a4ea6a9f240e672_tw1,5a4ea6a9f240e672,mix_in,39.0,55.0,,true,,
5a4ea6a9f240e672_tw2,5a4ea6a9f240e672,mix_out,350.0,366.0,,true,,
5a4ea6a9f240e672_tw3,5a4ea6a9f240e672,mix_in,0.0,10.0,,true,,
5c82ea37fcbfa28d_tw1,5c82ea37fcbfa28d,bridge,112.0,128.0,,true,,
5c82ea37fcbfa28d_tw2,5c82ea37fcbfa28d,bridge,176.0,192.0,,true,,
5c82ea37fcbfa28d_tw3,5c82ea37fcbfa28d,mix_out,252.0,268.0,,true,,
5cc8264436c2eb1e_tw1,5cc8264436c2eb1e,bridge,105.0,121.0,,true,,
5cc8264436c2eb1e_tw2,5cc8264436c2eb1e,mix_in,35.0,51.0,,true,,
5cc8264436c2eb1e_tw3,5cc8264436c2eb1e,mix_in,61.0,77.0,,true,,
5d1137f04b8c5322_tw1,5d1137f04b8c5322,bridge,106.0,122.0,,true,,
5d1137f04b8c5322_tw2,5d1137f04b8c5322,bridge,126.0,142.0,,true,,
5d1137f04b8c5322_tw3,5d1137f04b8c5322,bridge,176.0,192.0,,true,,
5e038d4395d0eef5_tw1,5e038d4395d0eef5,mix_out,158.0,174.0,,true,,
5e038d4395d0eef5_tw2,5e038d4395d0eef5,mix_in,45.0,61.0,,true,,
5e038d4395d0eef5_tw3,5e038d4395d0eef5,mix_out,207.0,223.0,,true,,
5f13fb29f62de7d7_tw1,5f13fb29f62de7d7,mix_in,0.0,10.0,,true,,
5f13fb29f62de7d7_tw2,5f13fb29f62de7d7,mix_in,21.0,37.0,,true,,
5f13fb29f62de7d7_tw3,5f13fb29f62de7d7,bridge,116.0,132.0,,true,,
612e5265f77f3dd5_tw1,612e5265f77f3dd5,bridge,219.0,235.0,,true,,
612e5265f77f3dd5_tw2,612e5265f77f3dd5,bridge,157.0,173.0,,true,,
612e5265f77f3dd5_tw3,612e5265f77f3dd5,mix_out,386.0,402.0,,true,,
61bda80dcab3301a_tw1,61bda80dcab3301a,mix_in,0.0,11.0,,true,,
61bda80dcab3301a_tw2,61bda80dcab3301a,mix_in,25.0,41.0,,true,,
61bda80dcab3301a_tw3,61bda80dcab3301a,mix_out,135.0,147.0,,true,,
62431fe290e91588_tw1,62431fe290e91588,mix_in,6.0,22.0,,true,,
62431fe290e91588_tw2,62431fe290e91588,mix_out,185.0,201.0,,true,,
62431fe290e91588_tw3,62431fe290e91588,bridge,112.0,128.0,,true,,
624359df953597f4_tw1,624359df953597f4,mix_in,0.0,10.0,,true,,
624359df953597f4_tw2,624359df953597f4,mix_out,142.0,158.0,,true,,
624359df953597f4_tw3,624359df953597f4,bridge,109.0,125.0,,true,,
63410ea8a613b072_tw1,63410ea8a613b072,mix_in,9.0,25.0,,true,,
63410ea8a613b072_tw2,63410ea8a613b072,mix_in,0.0,9.0,,true,,
63410ea8a613b072_tw3,63410ea8a613b072,mix_in,40.0,56.0,,true,,
63a1edef3ba63e91_tw1,63a1edef3ba63e91,mix_in,257.0,273.0,,true,,
63a1edef3ba63e91_tw2,63a1edef3ba63e91,mix_in,285.0,301.0,,true,,
63a1edef3ba63e91_tw3,63a1edef3ba63e91,mix_in,410.0,426.0,,true,,
646ab0154b86f1a0_tw1,646ab0154b86f1a0,mix_in,38.0,54.0,,true,,
646ab0154b86f1a0_tw2,646ab0154b86f1a0,bridge,237.0,253.0,,true,,
646ab0154b86f1a0_tw3,646ab0154b86f1a0,mix_out,313.0,329.0,,true,,
66ce10a39728ac1b_tw1,66ce10a39728ac1b,bridge,100.0,116.0,,true,,
66ce10a39728ac1b_tw2,66ce10a39728ac1b,bridge,83.0,99.0,,true,,
66ce10a39728ac1b_tw3,66ce10a39728ac1b,mix_out,195.0,211.0,,true,,
6be78253825c240a_tw1,6be78253825c240a,mix_in,99.0,115.0,,true,,
6be78253825c240a_tw2,6be78253825c240a,mix_out,431.0,447.0,,true,,
6be78253825c240a_tw3,6be78253825c240a,mix_in,123.0,139.0,,true,,
7072dc6bde1cafe6_tw1,7072dc6bde1cafe6,mix_in,66.0,82.0,,true,,
7072dc6bde1cafe6_tw2,7072dc6bde1cafe6,bridge,170.0,186.0,,true,,
7072dc6bde1cafe6_tw3,7072dc6bde1cafe6,mix_out,273.0,289.0,,true,,
725965c3dca2b629_tw1,725965c3dca2b629,mix_out,158.0,174.0,,true,,
725965c3dca2b629_tw2,725965c3dca2b629,mix_out,216.0,227.0,,true,,
725965c3dca2b629_tw3,725965c3dca2b629,mix_in,17.0,33.0,,true,,
7358dedc5f1a9322_tw1,7358dedc5f1a9322,mix_in,0.0,9.0,,true,,
7358dedc5f1a9322_tw2,7358dedc5f1a9322,bridge,143.0,159.0,,true,,
7358dedc5f1a9322_tw3,7358dedc5f1a9322,bridge,167.0,183.0,,true,,
756509b9e122b941_tw1,756509b9e122b941,mix_in,0.0,9.0,,true,,
756509b9e122b941_tw2,756509b9e122b941,mix_out,369.0,385.0,,true,,
756509b9e122b941_tw3,756509b9e122b941,mix_in,132.0,148.0,,true,,
763a12ea0a76ccf0_tw1,763a12ea0a76ccf0,mix_in,85.0,101.0,,true,,
763a12ea0a76ccf0_tw2,763a12ea0a76ccf0,bridge,146.0,162.0,,true,,
763a12ea0a76ccf0_tw3,763a12ea0a76ccf0,bridge,201.0,217.0,,true,,
76609e489f01f9de_tw1,76609e489f01f9de,mix_in,0.0,9.0,,true,,
76609e489f01f9de_tw2,76609e489f01f9de,mix_out,185.0,201.0,,true,,
76609e489f01f9de_tw3,76609e489f01f9de,bridge,90.0,106.0,,true,,
7692c44fb5af946e_tw1,7692c44fb5af946e,bridge,149.0,165.0,,true,,
7692c44fb5af946e_tw2,7692c44fb5af946e,bridge,118.0,134.0,,true,,
7692c44fb5af946e_tw3,7692c44fb5af946e,bridge,176.0,192.0,,true,,
77e5157a680273eb_tw1,77e5157a680273eb,bridge,106.0,122.0,,true,,
77e5157a680273eb_tw2,77e5157a680273eb,bridge,149.0,165.0,,true,,
77e5157a680273eb_tw3,77e5157a680273eb,mix_in,0.0,13.0,,true,,
794ea44463ede6fd_tw1,794ea44463ede6fd,mix_in,0.0,12.0,,true,,
794ea44463ede6fd_tw2,794ea44463ede6fd,mix_in,52.0,68.0,,true,,
794ea44463ede6fd_tw3,794ea44463ede6fd,bridge,236.0,252.0,,true,,
79d93a2a256d0920_tw1,79d93a2a256d0920,mix_in,78.0,94.0,,true,,
79d93a2a256d0920_tw2,79d93a2a256d0920,mix_in,62.0,78.0,,true,,
79d93a2a256d0920_tw3,79d93a2a256d0920,mix_in,44.0,60.0,,true,,
7b24d36e9e2b147c_tw1,7b24d36e9e2b147c,mix_in,9.0,25.0,,true,,
7b24d36e9e2b147c_tw2,7b24d36e9e2b147c,mix_out,253.0,269.0,,true,,
7b24d36e9e2b147c_tw3,7b24d36e9e2b147c,mix_out,237.0,253.0,,true,,
7e5227c1d5b338fa_tw1,7e5227c1d5b338fa,bridge,208.0,224.0,,true,,
7e5227c1d5b338fa_tw2,7e5227c1d5b338fa,mix_out,400.0,416.0,,true,,
7e5227c1d5b338fa_tw3,7e5227c1d5b338fa,mix_in,46.0,62.0,,true,,
7e7887a2bd2d7639_tw1,7e7887a2bd2d7639,mix_in,0.0,9.0,,true,,
7e7887a2bd2d7639_tw2,7e7887a2bd2d7639,mix_out,644.0,660.0,,true,,
7e7887a2bd2d7639_tw3,7e7887a2bd2d7639,bridge,374.0,390.0,,true,,
7f2b5d0401d7bf34_tw1,7f2b5d0401d7bf34,mix_in,21.0,37.0,,true,,
7f2b5d0401d7bf34_tw2,7f2b5d0401d7bf34,bridge,78.0,94.0,,true,,
7f2b5d0401d7bf34_tw3,7f2b5d0401d7bf34,mix_out,165.0,181.0,,true,,
7f7b41fd20c0afbe_tw1,7f7b41fd20c0afbe,mix_out,227.0,243.0,,true,,
7f7b41fd20c0afbe_tw2,7f7b41fd20c0afbe,bridge,128.0,144.0,,true,,
7f7b41fd20c0afbe_tw3,7f7b41fd20c0afbe,mix_in,7.0,23.0,,true,,
80535776ec552d6f_tw1,80535776ec552d6f,mix_in,24.0,40.0,,true,,
80535776ec552d6f_tw2,80535776ec552d6f,mix_out,310.0,320.0,,true,,
80535776ec552d6f_tw3,80535776ec552d6f,bridge,138.0,154.0,,true,,
80d2a7a4f985ae3b_tw1,80d2a7a4f985ae3b,mix_out,246.0,262.0,,true,,
80d2a7a4f985ae3b_tw2,80d2a7a4f985ae3b,mix_in,97.0,113.0,,true,,
80d2a7a4f985ae3b_tw3,80d2a7a4f985ae3b,mix_in,37.0,53.0,,true,,
81f4a2b033cc8abf_tw1,81f4a2b033cc8abf,mix_in,35.0,51.0,,true,,
81f4a2b033cc8abf_tw2,81f4a2b033cc8abf,bridge,86.0,102.0,,true,,
81f4a2b033cc8abf_tw3,81f4a2b033cc8abf,mix_out,174.0,190.0,,true,,
8508a942f47185b9_tw1,8508a942f47185b9,mix_in,21.0,37.0,,true,,
8508a942f47185b9_tw2,8508a942f47185b9,mix_in,0.0,15.0,,true,,
8508a942f47185b9_tw3,8508a942f47185b9,bridge,93.0,109.0,,true,,
85d8116989ea2f32_tw1,85d8116989ea2f32,bridge,124.0,140.0,,true,,
85d8116989ea2f32_tw2,85d8116989ea2f32,mix_in,37.0,53.0,,true,,
85d8116989ea2f32_tw3,85d8116989ea2f32,mix_out,198.0,214.0,,true,,
86f8b181ca6211dc_tw1,86f8b181ca6211dc,mix_out,539.0,555.0,,true,,
86f8b181ca6211dc_tw2,86f8b181ca6211dc,mix_in,179.0,195.0,,true,,
86f8b181ca6211dc_tw3,86f8b181ca6211dc,mix_out,473.0,489.0,,true,,
8ab18f5f8a18b4e8_tw1,8ab18f5f8a18b4e8,mix_in,35.0,51.0,,true,,
8ab18f5f8a18b4e8_tw2,8ab18f5f8a18b4e8,mix_in,6.0,22.0,,true,,
8ab18f5f8a18b4e8_tw3,8ab18f5f8a18b4e8,mix_out,559.0,575.0,,true,,
8ab439f2c2b281d0_tw1,8ab439f2c2b281d0,mix_in,50.0,66.0,,true,,
8ab439f2c2b281d0_tw2,8ab439f2c2b281d0,bridge,136.0,152.0,,true,,
8ab439f2c2b281d0_tw3,8ab439f2c2b281d0,bridge,108.0,124.0,,true,,
8cca38ec6bf201a7_tw1,8cca38ec6bf201a7,bridge,164.0,180.0,,true,,
8cca38ec6bf201a7_tw2,8cca38ec6bf201a7,mix_in,4.0,20.0,,true,,
8cca38ec6bf201a7_tw3,8cca38ec6bf201a7,mix_out,220.0,236.0,,true,,
8d903670791311a4_tw1,8d903670791311a4,mix_out,258.0,274.0,,true,,
8d903670791311a4_tw2,8d903670791311a4,bridge,136.0,152.0,,true,,
8d903670791311a4_tw3,8d903670791311a4,mix_in,24.0,40.0,,true,,
8ef8e88cdd29e91b_tw1,8ef8e88cdd29e91b,mix_out,331.0,347.0,,true,,
8ef8e88cdd29e91b_tw2,8ef8e88cdd29e91b,bridge,170.0,186.0,,true,,
8ef8e88cdd29e91b_tw3,8ef8e88cdd29e91b,mix_out,256.0,272.0,,true,,
8f454dfda330b180_tw1,8f454dfda330b180,mix_in,53.0,69.0,,true,,
8f454dfda330b180_tw2,8f454dfda330b180,mix_out,363.0,376.0,,true,,
8f454dfda330b180_tw3,8f454dfda330b180,mix_out,343.0,359.0,,true,,
8f72ad75222d3b5b_tw1,8f72ad75222d3b5b,bridge,102.0,118.0,,true,,
8f72ad75222d3b5b_tw2,8f72ad75222d3b5b,mix_in,14.0,30.0,,true,,
8f72ad75222d3b5b_tw3,8f72ad75222d3b5b,bridge,123.0,139.0,,true,,
90d280b33f127dbb_tw1,90d280b33f127dbb,bridge,104.0,120.0,,true,,
90d280b33f127dbb_tw2,90d280b33f127dbb,mix_in,34.0,50.0,,true,,
90d280b33f127dbb_tw3,90d280b33f127dbb,mix_out,130.0,146.0,,true,,
9235cd1f84af4e94_tw1,9235cd1f84af4e94,mix_in,2.0,18.0,,true,,
9235cd1f84af4e94_tw2,9235cd1f84af4e94,mix_in,23.0,39.0,,true,,
9235cd1f84af4e94_tw3,9235cd1f84af4e94,mix_out,144.0,160.0,,true,,
931d69e6d08baacf_tw1,931d69e6d08baacf,bridge,260.0,276.0,,true,,
931d69e6d08baacf_tw2,931d69e6d08baacf,mix_in,37.0,53.0,,true,,
931d69e6d08baacf_tw3,931d69e6d08baacf,bridge,140.0,156.0,,true,,
940faa7411f630db_tw1,940faa7411f630db,mix_in,0.0,10.0,,true,,
940faa7411f630db_tw2,940faa7411f630db,mix_out,346.0,362.0,,true,,
940faa7411f630db_tw3,940faa7411f630db,mix_in,14.0,30.0,,true,,
9575b91f3951c4e4_tw1,9575b91f3951c4e4,mix_out,427.0,443.0,,true,,
9575b91f3951c4e4_tw2,9575b91f3951c4e4,bridge,180.0,196.0,,true,,
9575b91f3951c4e4_tw3,9575b91f3951c4e4,bridge,163.0,179.0,,true,,
962866017893e29d_tw1,962866017893e29d,mix_out,138.0,154.0,,true,,
962866017893e29d_tw2,962866017893e29d,mix_in,13.0,29.0,,true,,
962866017893e29d_tw3,962866017893e29d,bridge,79.0,95.0,,true,,
964d5a6ac21b496a_tw1,964d5a6ac21b496a,mix_in,0.0,11.0,,true,,
964d5a6ac21b496a_tw2,964d5a6ac21b496a,mix_out,298.0,314.0,,true,,
964d5a6ac21b496a_tw3,964d5a6ac21b496a,mix_in,54.0,70.0,,true,,
971da13a2bfa5f02_tw1,971da13a2bfa5f02,bridge,167.0,183.0,,true,,
971da13a2bfa5f02_tw2,971da13a2bfa5f02,bridge,183.0,199.0,,true,,
971da13a2bfa5f02_tw3,971da13a2bfa5f02,mix_in,29.0,45.0,,true,,
983927e6c56cb365_tw1,983927e6c56cb365,mix_in,6.0,22.0,,true,,
983927e6c56cb365_tw2,983927e6c56cb365,mix_out,255.0,271.0,,true,,
983927e6c56cb365_tw3,983927e6c56cb365,mix_in,73.0,89.0,,true,,
98d59277e58f1409_tw1,98d59277e58f1409,bridge,133.0,149.0,,true,,
98d59277e58f1409_tw2,98d59277e58f1409,mix_in,49.0,65.0,,true,,
98d59277e58f1409_tw3,98d59277e58f1409,bridge,96.0,112.0,,true,,
99eb2f2299b886ba_tw1,99eb2f2299b886ba,bridge,157.0,173.0,,true,,
99eb2f2299b886ba_tw2,99eb2f2299b886ba,mix_out,187.0,203.0,,true,,
99eb2f2299b886ba_tw3,99eb2f2299b886ba,mix_in,9.0,25.0,,true,,
9b443dd40567806f_tw1,9b443dd40567806f,mix_out,350.0,366.0,,true,,
9b443dd40567806f_tw2,9b443dd40567806f,mix_in,83.0,99.0,,true,,
9b443dd40567806f_tw3,9b443dd40567806f,mix_in,23.0,39.0,,true,,
9db13da2e56636c3_tw1,9db13da2e56636c3,bridge,267.0,283.0,,true,,
9db13da2e56636c3_tw2,9db13da2e56636c3,mix_in,23.0,39.0,,true,,
9db13da2e56636c3_tw3,9db13da2e56636c3,bridge,237.0,253.0,,true,,
9de6eb5937802aa9_tw1,9de6eb5937802aa9,bridge,165.0,181.0,,true,,
9de6eb5937802aa9_tw2,9de6eb5937802aa9,mix_in,25.0,41.0,,true,,
9de6eb5937802aa9_tw3,9de6eb5937802aa9,bridge,100.0,116.0,,true,,
a2e9371e46357a7f_tw1,a2e9371e46357a7f,mix_in,9.0,25.0,,true,,
a2e9371e46357a7f_tw2,a2e9371e46357a7f,mix_in,55.0,71.0,,true,,
a2e9371e46357a7f_tw3,a2e9371e46357a7f,bridge,98.0,114.0,,true,,
a600a9f13378d321_tw1,a600a9f13378d321,mix_in,0.0,9.0,,true,,
a600a9f13378d321_tw2,a600a9f13378d321,bridge,225.0,241.0,,true,,
a600a9f13378d321_tw3,a600a9f13378d321,bridge,256.0,272.0,,true,,
a749c305f32f7d51_tw1,a749c305f32f7d51,mix_in,22.0,38.0,,true,,
a749c305f32f7d51_tw2,a749c305f32f7d51,bridge,111.0,127.0,,true,,
a749c305f32f7d51_tw3,a749c305f32f7d51,mix_out,274.0,290.0,,true,,
aa378f947b154170_tw1,aa378f947b154170,mix_in,63.0,79.0,,true,,
aa378f947b154170_tw2,aa378f947b154170,mix_out,189.0,205.0,,true,,
aa378f947b154170_tw3,aa378f947b154170,mix_out,263.0,279.0,,true,,
aaecfee7674ae3ed_tw1,aaecfee7674ae3ed,mix_in,33.0,49.0,,true,,
aaecfee7674ae3ed_tw2,aaecfee7674ae3ed,bridge,114.0,130.0,,true,,
aaecfee7674ae3ed_tw3,aaecfee7674ae3ed,mix_in,56.0,72.0,,true,,
ab0f9bb2f274ad0a_tw1,ab0f9bb2f274ad0a,mix_in,56.0,72.0,,true,,
ab0f9bb2f274ad0a_tw2,ab0f9bb2f274ad0a,bridge,243.0,259.0,,true,,
ab0f9bb2f274ad0a_tw3,ab0f9bb2f274ad0a,mix_in,118.0,134.0,,true,,
ab6eebe87077ab96_tw1,ab6eebe87077ab96,mix_in,4.0,20.0,,true,,
ab6eebe87077ab96_tw2,ab6eebe87077ab96,bridge,113.0,129.0,,true,,
ab6eebe87077ab96_tw3,ab6eebe87077ab96,mix_in,22.0,38.0,,true,,
adc1f7242f62c093_tw1,adc1f7242f62c093,bridge,149.0,165.0,,true,,
adc1f7242f62c093_tw2,adc1f7242f62c093,bridge,237.0,253.0,,true,,
adc1f7242f62c093_tw3,adc1f7242f62c093,mix_out,277.0,293.0,,true,,
aeb3ade7658bd7d8_tw1,aeb3ade7658bd7d8,bridge,225.0,241.0,,true,,
aeb3ade7658bd7d8_tw2,aeb3ade7658bd7d8,bridge,117.0,133.0,,true,,
aeb3ade7658bd7d8_tw3,aeb3ade7658bd7d8,mix_in,53.0,69.0,,true,,
afd80297c8c3925d_tw1,afd80297c8c3925d,mix_out,261.0,277.0,,true,,
afd80297c8c3925d_tw2,afd80297c8c3925d,mix_in,59.0,75.0,,true,,
afd80297c8c3925d_tw3,afd80297c8c3925d,bridge,141.0,157.0,,true,,
b2d3c5c17b5e26ac_tw1,b2d3c5c17b5e26ac,mix_out,275.0,291.0,,true,,
b2d3c5c17b5e26ac_tw2,b2d3c5c17b5e26ac,mix_in,21.0,37.0,,true,,
b2d3c5c17b5e26ac_tw3,b2d3c5c17b5e26ac,bridge,163.0,179.0,,true,,
b465d15e3ede7cf9_tw1,b465d15e3ede7cf9,bridge,87.0,103.0,,true,,
b465d15e3ede7cf9_tw2,b465d15e3ede7cf9,mix_out,165.0,181.0,,true,,
b465d15e3ede7cf9_tw3,b465d15e3ede7cf9,mix_in,17.0,33.0,,true,,
b6d652efacce9b29_tw1,b6d652efacce9b29,mix_in,0.0,9.0,,true,,
b6d652efacce9b29_tw2,b6d652efacce9b29,bridge,135.0,151.0,,true,,
b6d652efacce9b29_tw3,b6d652efacce9b29,mix_out,207.0,223.0,,true,,
b8b027294beb4333_tw1,b8b027294beb4333,mix_in,19.0,35.0,,true,,
b8b027294beb4333_tw2,b8b027294beb4333,mix_out,253.0,269.0,,true,,
b8b027294beb4333_tw3,b8b027294beb4333,mix_in,76.0,92.0,,true,,
ba2213e153300c38_tw1,ba2213e153300c38,mix_in,0.0,9.0,,true,,
ba2213e153300c38_tw2,ba2213e153300c38,mix_out,365.0,381.0,,true,,
ba2213e153300c38_tw3,ba2213e153300c38,mix_in,94.0,110.0,,true,,
ba8beee6c3a4b7c8_tw1,ba8beee6c3a4b7c8,mix_in,210.0,226.0,,true,,
ba8beee6c3a4b7c8_tw2,ba8beee6c3a4b7c8,bridge,439.0,455.0,,true,,
ba8beee6c3a4b7c8_tw3,ba8beee6c3a4b7c8,bridge,238.0,254.0,,true,,
bc3463acedb7aecc_tw1,bc3463acedb7aecc,mix_in,23.0,39.0,,true,,
bc3463acedb7aecc_tw2,bc3463acedb7aecc,bridge,140.0,156.0,,true,,
bc3463acedb7aecc_tw3,bc3463acedb7aecc,mix_out,226.0,239.0,,true,,
be8d559256280587_tw1,be8d559256280587,bridge,92.0,108.0,,true,,
be8d559256280587_tw2,be8d559256280587,bridge,137.0,153.0,,true,,
be8d559256280587_tw3,be8d559256280587,mix_out,282.0,298.0,,true,,
c02823fe2164c6bc_tw1,c02823fe2164c6bc,bridge,110.0,126.0,,true,,
c02823fe2164c6bc_tw2,c02823fe2164c6bc,mix_out,229.0,245.0,,true,,
c02823fe2164c6bc_tw3,c02823fe2164c6bc,mix_in,0.0,15.0,,true,,
c07a1f388bf5853e_tw1,c07a1f388bf5853e,mix_out,324.0,340.0,,true,,
c07a1f388bf5853e_tw2,c07a1f388bf5853e,mix_in,21.0,37.0,,true,,
c07a1f388bf5853e_tw3,c07a1f388bf5853e,mix_out,304.0,320.0,,true,,
c10093542654c307_tw1,c10093542654c307,bridge,212.0,228.0,,true,,
c10093542654c307_tw2,c10093542654c307,bridge,180.0,196.0,,true,,
c10093542654c307_tw3,c10093542654c307,bridge,229.0,245.0,,true,,
c3abd360fa0cbee5_tw1,c3abd360fa0cbee5,mix_out,399.0,415.0,,true,,
c3abd360fa0cbee5_tw2,c3abd360fa0cbee5,mix_in,9.0,25.0,,true,,
c3abd360fa0cbee5_tw3,c3abd360fa0cbee5,mix_in,0.0,9.0,,true,,
c81191256a6aa417_tw1,c81191256a6aa417,mix_in,63.0,79.0,,true,,
c81191256a6aa417_tw2,c81191256a6aa417,bridge,160.0,176.0,,true,,
c81191256a6aa417_tw3,c81191256a6aa417,mix_out,191.0,207.0,,true,,
c9bf29edea6b30f1_tw1,c9bf29edea6b30f1,mix_in,49.0,65.0,,true,,
c9bf29edea6b30f1_tw2,c9bf29edea6b30f1,mix_in,22.0,38.0,,true,,
c9bf29edea6b30f1_tw3,c9bf29edea6b30f1,mix_out,134.0,150.0,,true,,
cc70ec7362e82f93_tw1,cc70ec7362e82f93,mix_out,219.0,235.0,,true,,
cc70ec7362e82f93_tw2,cc70ec7362e82f93,mix_in,0.0,10.0,,true,,
cc70ec7362e82f93_tw3,cc70ec7362e82f93,mix_in,21.0,37.0,,true,,
cdebc650762ffac4_tw1,cdebc650762ffac4,mix_out,229.0,245.0,,true,,
cdebc650762ffac4_tw2,cdebc650762ffac4,mix_in,20.0,36.0,,true,,
cdebc650762ffac4_tw3,cdebc650762ffac4,bridge,117.0,133.0,,true,,
ce1a8753825f8296_tw1,ce1a8753825f8296,mix_out,386.0,402.0,,true,,
ce1a8753825f8296_tw2,ce1a8753825f8296,mix_in,29.0,45.0,,true,,
ce1a8753825f8296_tw3,ce1a8753825f8296,mix_in,68.0,84.0,,true,,
ce66514e6e300792_tw1,ce66514e6e300792,mix_out,277.0,293.0,,true,,
ce66514e6e300792_tw2,ce66514e6e300792,bridge,154.0,170.0,,true,,
ce66514e6e300792_tw3,ce66514e6e300792,bridge,128.0,144.0,,true,,
d03adf4f61816c1b_tw1,d03adf4f61816c1b,mix_out,202.0,218.0,,true,,
d03adf4f61816c1b_tw2,d03adf4f61816c1b,mix_in,4.0,20.0,,true,,
d03adf4f61816c1b_tw3,d03adf4f61816c1b,mix_in,43.0,59.0,,true,,
d300cfc8f6312a24_tw1,d300cfc8f6312a24,bridge,140.0,156.0,,true,,
d300cfc8f6312a24_tw2,d300cfc8f6312a24,mix_in,17.0,33.0,,true,,
d300cfc8f6312a24_tw3,d300cfc8f6312a24,mix_out,268.0,284.0,,true,,
d428a30a73139723_tw1,d428a30a73139723,mix_in,7.0,23.0,,true,,
d428a30a73139723_tw2,d428a30a73139723,bridge,150.0,166.0,,true,,
d428a30a73139723_tw3,d428a30a73139723,mix_out,271.0,287.0,,true,,
d441b06042604641_tw1,d441b06042604641,bridge,101.0,117.0,,true,,
d441b06042604641_tw2,d441b06042604641,mix_in,15.0,31.0,,true,,
d441b06042604641_tw3,d441b06042604641,mix_out,246.0,262.0,,true,,
d74cadaf31aebb3b_tw1,d74cadaf31aebb3b,bridge,61.0,77.0,,true,,
d74cadaf31aebb3b_tw2,d74cadaf31aebb3b,mix_in,32.0,48.0,,true,,
d74cadaf31aebb3b_tw3,d74cadaf31aebb3b,bridge,115.0,131.0,,true,,
d7bae3ec9c83e78a_tw1,d7bae3ec9c83e78a,bridge,108.0,124.0,,true,,
d7bae3ec9c83e78a_tw2,d7bae3ec9c83e78a,mix_in,36.0,52.0,,true,,
d7bae3ec9c83e78a_tw3,d7bae3ec9c83e78a,mix_in,7.0,23.0,,true,,
d8cc780731a1d437_tw1,d8cc780731a1d437,bridge,130.0,146.0,,true,,
d8cc780731a1d437_tw2,d8cc780731a1d437,mix_in,69.0,85.0,,true,,
d8cc780731a1d437_tw3,d8cc780731a1d437,mix_out,252.0,268.0,,true,,
da3eb276cc00a250_tw1,da3eb276cc00a250,mix_in,0.0,9.0,,true,,
da3eb276cc00a250_tw2,da3eb276cc00a250,mix_in,86.0,102.0,,true,,
da3eb276cc00a250_tw3,da3eb276cc00a250,mix_out,240.0,256.0,,true,,
db1929d025c362cb_tw1,db1929d025c362cb,bridge,176.0,192.0,,true,,
db1929d025c362cb_tw2,db1929d025c362cb,mix_out,360.0,376.0,,true,,
db1929d025c362cb_tw3,db1929d025c362cb,mix_out,378.0,394.0,,true,,
db80e3d15af9b0ca_tw1,db80e3d15af9b0ca,mix_in,50.0,66.0,,true,,
db80e3d15af9b0ca_tw2,db80e3d15af9b0ca,bridge,176.0,192.0,,true,,
db80e3d15af9b0ca_tw3,db80e3d15af9b0ca,mix_in,7.0,23.0,,true,,
dc6891546f59de66_tw1,dc6891546f59de66,mix_out,186.0,202.0,,true,,
dc6891546f59de66_tw2,dc6891546f59de66,bridge,90.0,106.0,,true,,
dc6891546f59de66_tw3,dc6891546f59de66,mix_in,58.0,74.0,,true,,
deb940c4a6052fed_tw1,deb940c4a6052fed,bridge,195.0,211.0,,true,,
deb940c4a6052fed_tw2,deb940c4a6052fed,mix_out,341.0,357.0,,true,,
deb940c4a6052fed_tw3,deb940c4a6052fed,bridge,219.0,235.0,,true,,
e14e5bb4ca8b4449_tw1,e14e5bb4ca8b4449,mix_out,85.0,101.0,,true,,
e14e5bb4ca8b4449_tw2,e14e5bb4ca8b4449,mix_in,3.0,19.0,,true,,
e14e5bb4ca8b4449_tw3,e14e5bb4ca8b4449,mix_out,115.0,131.0,,true,,
e296a5e39a01595d_tw1,e296a5e39a01595d,mix_out,340.0,356.0,,true,,
e296a5e39a01595d_tw2,e296a5e39a01595d,bridge,166.0,182.0,,true,,
e296a5e39a01595d_tw3,e296a5e39a01595d,bridge,124.0,140.0,,true,,
e321f36ecf5ded7e_tw1,e321f36ecf5ded7e,mix_in,0.0,9.0,,true,,
e321f36ecf5ded7e_tw2,e321f36ecf5ded7e,mix_out,255.0,271.0,,true,,
e321f36ecf5ded7e_tw3,e321f36ecf5ded7e,mix_in,51.0,67.0,,true,,
e3a4ed7a200c3644_tw1,e3a4ed7a200c3644,mix_out,224.0,240.0,,true,,
e3a4ed7a200c3644_tw2,e3a4ed7a200c3644,bridge,152.0,168.0,,true,,
e3a4ed7a200c3644_tw3,e3a4ed7a200c3644,bridge,75.0,91.0,,true,,
e3b089eb3589fe94_tw1,e3b089eb3589fe94,bridge,87.0,103.0,,true,,
e3b089eb3589fe94_tw2,e3b089eb3589fe94,mix_out,229.0,245.0,,true,,
e3b089eb3589fe94_tw3,e3b089eb3589fe94,mix_in,0.0,12.0,,true,,
e6414218a818b4ab_tw1,e6414218a818b4ab,bridge,109.0,125.0,,true,,
e6414218a818b4ab_tw2,e6414218a818b4ab,mix_in,14.0,30.0,,true,,
e6414218a818b4ab_tw3,e6414218a818b4ab,mix_out,201.0,217.0,,true,,
e93bfb1b39c3e9c2_tw1,e93bfb1b39c3e9c2,bridge,150.0,166.0,,true,,
e93bfb1b39c3e9c2_tw2,e93bfb1b39c3e9c2,mix_out,339.0,355.0,,true,,
e93bfb1b39c3e9c2_tw3,e93bfb1b39c3e9c2,bridge,120.0,136.0,,true,,
ecf64aa98ccd4467_tw1,ecf64aa98ccd4467,mix_in,0.0,9.0,,true,,
ecf64aa98ccd4467_tw2,ecf64aa98ccd4467,mix_out,262.0,278.0,,true,,
ecf64aa98ccd4467_tw3,ecf64aa98ccd4467,mix_in,77.0,93.0,,true,,
ed357b79a6619228_tw1,ed357b79a6619228,bridge,169.0,185.0,,true,,
ed357b79a6619228_tw2,ed357b79a6619228,mix_in,89.0,105.0,,true,,
ed357b79a6619228_tw3,ed357b79a6619228,bridge,153.0,169.0,,true,,
ee79e0454d048f4d_tw1,ee79e0454d048f4d,mix_in,0.0,9.0,,true,,
ee79e0454d048f4d_tw2,ee79e0454d048f4d,mix_in,21.0,37.0,,true,,
ee79e0454d048f4d_tw3,ee79e0454d048f4d,mix_out,280.0,296.0,,true,,
eef9f387ab98e8c0_tw1,eef9f387ab98e8c0,bridge,166.0,182.0,,true,,
eef9f387ab98e8c0_tw2,eef9f387ab98e8c0,bridge,105.0,121.0,,true,,
eef9f387ab98e8c0_tw3,eef9f387ab98e8c0,mix_in,21.0,37.0,,true,,
ef893bb059923fdc_tw1,ef893bb059923fdc,mix_in,17.0,33.0,,true,,
ef893bb059923fdc_tw2,ef893bb059923fdc,bridge,49.0,65.0,,true,,
ef893bb059923fdc_tw3,ef893bb059923fdc,bridge,72.0,88.0,,true,,
efa720dc4e9d2d5a_tw1,efa720dc4e9d2d5a,bridge,133.0,149.0,,true,,
efa720dc4e9d2d5a_tw2,efa720dc4e9d2d5a,mix_out,218.0,234.0,,true,,
efa720dc4e9d2d5a_tw3,efa720dc4e9d2d5a,bridge,105.0,121.0,,true,,
f08ba1505284f729_tw1,f08ba1505284f729,mix_in,83.0,99.0,,true,,
f08ba1505284f729_tw2,f08ba1505284f729,bridge,199.0,215.0,,true,,
f08ba1505284f729_tw3,f08ba1505284f729,mix_out,285.0,301.0,,true,,
f481bebf7535c8f7_tw1,f481bebf7535c8f7,bridge,241.0,257.0,,true,,
f481bebf7535c8f7_tw2,f481bebf7535c8f7,bridge,204.0,220.0,,true,,
f481bebf7535c8f7_tw3,f481bebf7535c8f7,mix_out,355.0,371.0,,true,,
f5b74b1b1c122379_tw1,f5b74b1b1c122379,mix_in,7.0,23.0,,true,,
f5b74b1b1c122379_tw2,f5b74b1b1c122379,bridge,169.0,185.0,,true,,
f5b74b1b1c122379_tw3,f5b74b1b1c122379,mix_in,82.0,98.0,,true,,
f5fd0fe184e6d15d_tw1,f5fd0fe184e6d15d,mix_out,311.0,327.0,,true,,
f5fd0fe184e6d15d_tw2,f5fd0fe184e6d15d,mix_in,86.0,102.0,,true,,
f5fd0fe184e6d15d_tw3,f5fd0fe184e6d15d,mix_out,278.0,294.0,,true,,
f7001c530a14962e_tw1,f7001c530a14962e,mix_in,33.0,49.0,,true,,
f7001c530a14962e_tw2,f7001c530a14962e,mix_in,0.0,9.0,,true,,
f7001c530a14962e_tw3,f7001c530a14962e,bridge,130.0,146.0,,true,,
f76b70d68c00d978_tw1,f76b70d68c00d978,bridge,62.0,78.0,,true,,
f76b70d68c00d978_tw2,f76b70d68c00d978,mix_out,164.0,180.0,,true,,
f76b70d68c00d978_tw3,f76b70d68c00d978,bridge,92.0,108.0,,true,,
f805ef4d4d90c8bf_tw1,f805ef4d4d90c8bf,mix_in,20.0,36.0,,true,,
f805ef4d4d90c8bf_tw2,f805ef4d4d90c8bf,mix_in,1.0,17.0,,true,,
f805ef4d4d90c8bf_tw3,f805ef4d4d90c8bf,bridge,94.0,110.0,,true,,
f985c7326fe7d4e3_tw1,f985c7326fe7d4e3,bridge,105.0,121.0,,true,,
f985c7326fe7d4e3_tw2,f985c7326fe7d4e3,bridge,65.0,81.0,,true,,
f985c7326fe7d4e3_tw3,f985c7326fe7d4e3,mix_in,0.0,13.0,,true,,
f9b29abcde09b664_tw1,f9b29abcde09b664,bridge,88.0,104.0,,true,,
f9b29abcde09b664_tw2,f9b29abcde09b664,mix_in,0.0,11.0,,true,,
f9b29abcde09b664_tw3,f9b29abcde09b664,mix_in,11.0,27.0,,true,,
f9fe2e1e1ca0264e_tw1,f9fe2e1e1ca0264e,mix_in,77.0,93.0,,true,,
f9fe2e1e1ca0264e_tw2,f9fe2e1e1ca0264e,mix_out,214.0,230.0,,true,,
f9fe2e1e1ca0264e_tw3,f9fe2e1e1ca0264e,mix_in,18.0,34.0,,true,,
fab2eafc2be59485_tw1,fab2eafc2be59485,mix_out,266.0,282.0,,true,,
fab2eafc2be59485_tw2,fab2eafc2be59485,bridge,198.0,214.0,,true,,
fab2eafc2be59485_tw3,fab2eafc2be59485,mix_out,289.0,305.0,,true,,
fc7cc7ac938be062_tw1,fc7cc7ac938be062,mix_in,22.0,38.0,,true,,
fc7cc7ac938be062_tw2,fc7cc7ac938be062,mix_out,197.0,213.0,,true,,
fc7cc7ac938be062_tw3,fc7cc7ac938be062,bridge,104.0,120.0,,true,,
fd0711e06aad713c_tw1,fd0711e06aad713c,mix_out,198.0,214.0,,true,,
fd0711e06aad713c_tw2,fd0711e06aad713c,mix_in,5.0,21.0,,true,,
fd0711e06aad713c_tw3,fd0711e06aad713c,mix_in,50.0,66.0,,true,,
fe1af1ff9b988eca_tw1,fe1af1ff9b988eca,bridge,186.0,202.0,,true,,
fe1af1ff9b988eca_tw2,fe1af1ff9b988eca,bridge,217.0,233.0,,true,,
fe1af1ff9b988eca_tw3,fe1af1ff9b988eca,mix_out,279.0,295.0,,true,,
fea8b371ffd2adc5_tw1,fea8b371ffd2adc5,mix_in,8.0,24.0,,true,,
fea8b371ffd2adc5_tw2,fea8b371ffd2adc5,bridge,141.0,157.0,,true,,
fea8b371ffd2adc5_tw3,fea8b371ffd2adc5,bridge,171.0,187.0,,true,,
fed70adc46593310_tw1,fed70adc46593310,mix_in,21.0,37.0,,true,,
fed70adc46593310_tw2,fed70adc46593310,bridge,109.0,125.0,,true,,
fed70adc46593310_tw3,fed70adc46593310,mix_out,212.0,228.0,,true,,
ff8c6eb5eba2c1af_tw1,ff8c6eb5eba2c1af,mix_in,0.0,9.0,,true,,
ff8c6eb5eba2c1af_tw2,ff8c6eb5eba2c1af,mix_out,212.0,228.0,,true,,
ff8c6eb5eba2c1af_tw3,ff8c6eb5eba2c1af,mix_out,237.0,253.0,,true,,
